gene	chrom	start	end	status	gene_chrom	duplicate
0610007P08Rik	chr13	NA	NA	BAE	0610007P08Rik_13	FALSE
1-Mar	chr8	NA	NA	BAE	1-Mar_8	FALSE
11-Sep	chr5	NA	NA	BAE	11-Sep_5	FALSE
1110004E09Rik	chr16	90926055	90935094	BAE	1110004E09Rik_16	FALSE
1110005A03Rik	chr11	NA	NA	BAE	1110005A03Rik_11	FALSE
1110014N23Rik	chr19	NA	NA	BAE	1110014N23Rik_19	FALSE
1110020G09Rik	chr15	NA	NA	BAE	1110020G09Rik_15	FALSE
1110032A03Rik	chr9	50570932	50576257	BAE	1110032A03Rik_9	FALSE
1110051M20Rik	chr2	91113396	91284871	rMAE	1110051M20Rik_2	FALSE
1110059E24Rik	chr19	21671802	21727281	BAE	1110059E24Rik_19	FALSE
1300010F03Rik	chr14	NA	NA	BAE	1300010F03Rik_14	FALSE
1500001M20Rik	chr6	NA	NA	BAE	1500001M20Rik_6	FALSE
1700001L05Rik	chr15	83184276	83197727	BAE	1700001L05Rik_15	FALSE
1700030K09Rik	chr8	74967778	74984440	BAE	1700030K09Rik_8	FALSE
1700061G19Rik	chr17	57015055	57028261	BAE	1700061G19Rik_17	FALSE
2010106G01Rik	chr2	NA	NA	BAE	2010106G01Rik_2	FALSE
2010111I01Rik	chr13	63066252	63404185	BAE	2010111I01Rik_13	FALSE
2210009G21Rik	chr2	NA	NA	BAE	2210009G21Rik_2	FALSE
2210018M11Rik	chr7	NA	NA	BAE	2210018M11Rik_7	FALSE
2310008H09Rik	chr7	NA	NA	BAE	2310008H09Rik_7	FALSE
2410076I21Rik	chr9	NA	NA	BAE	2410076I21Rik_9	FALSE
2610021K21Rik	chr12	NA	NA	BAE	2610021K21Rik_12	FALSE
2610507B11Rik	chr11	78075255	78104127	BAE	2610507B11Rik_11	FALSE
2610528E23Rik	chr16	NA	NA	rMAE	2610528E23Rik_16	FALSE
2700029M09Rik	chr8	NA	NA	BAE	2700029M09Rik_8	FALSE
2700078E11Rik	chr19	NA	NA	rMAE	2700078E11Rik_19	FALSE
2810403A07Rik	chr3	88489715	88516855	BAE	2810403A07Rik_3	FALSE
2810474O19Rik	chr6	149257935	149284185	BAE	2810474O19Rik_6	FALSE
2900026A02Rik	chr5	113515342	113592333	rMAE	2900026A02Rik_5	FALSE
4831426I19Rik	chr12	NA	NA	BAE	4831426I19Rik_12	FALSE
4930402H24Rik	chr2	130531935	130665881	BAE	4930402H24Rik_2	FALSE
4930422G04Rik	chr3	127256406	127320941	rMAE	4930422G04Rik_3	FALSE
4930547N16Rik	chr10	NA	NA	BAE	4930547N16Rik_10	FALSE
4931429I11Rik	chr9	NA	NA	rMAE	4931429I11Rik_9	FALSE
4932438A13Rik	chr3	36762027	36951955	BAE	4932438A13Rik_3	FALSE
4933413G19Rik	chr6	128325527	128335162	BAE	4933413G19Rik_6	FALSE
4933424B01Rik	chr6	NA	NA	BAE	4933424B01Rik_6	FALSE
5730437N04Rik	chr17	NA	NA	BAE	5730437N04Rik_17	FALSE
5730469M10Rik	chr14	NA	NA	rMAE	5730469M10Rik_14	FALSE
5830418K08Rik	chr9	15121357	15162232	BAE	5830418K08Rik_9	FALSE
6030422M02Rik	chr1	NA	NA	BAE	6030422M02Rik_1	FALSE
6330503K22Rik	chr7	NA	NA	BAE	6330503K22Rik_7	FALSE
6720456H20Rik	chr14	NA	NA	BAE	6720456H20Rik_14	FALSE
6720463M24Rik	chr14	NA	NA	BAE	6720463M24Rik_14	FALSE
8430406I07Rik	chr2	NA	NA	BAE	8430406I07Rik_2	FALSE
8430419L09Rik	chr6	135148004	135186258	rMAE	8430419L09Rik_6	FALSE
9030624J02Rik	chr7	125883784	125985005	BAE	9030624J02Rik_7	FALSE
9630033F20Rik	chr6	NA	NA	BAE	9630033F20Rik_6	FALSE
9830001H06Rik	chr2	NA	NA	BAE	9830001H06Rik_2	FALSE
A130022J15Rik	chr6	NA	NA	BAE	A130022J15Rik_6	FALSE
A2ld1	chr14	NA	NA	rMAE	A2ld1_14	FALSE
A430078G23Rik	chr8	3353414	3390299	rMAE	A430078G23Rik_8	FALSE
AA960436	chr8	NA	NA	BAE	AA960436_8	FALSE
Aars	chr8	113557866	113580770	rMAE	Aars_8	FALSE
Aasdh	chr5	77304959	77334539	rMAE	Aasdh_5	FALSE
Aatf	chr11	84236357	84327003	BAE	Aatf_11	FALSE
Abca2	chr2	25284193	25304059	BAE	Abca2_2	FALSE
Abcc1	chr16	14361650	14474971	BAE	Abcc1_16	FALSE
Abce1	chr8	82207340	82235639	BAE	Abce1_8	FALSE
Abcf2	chr5	24071158	24083285	BAE	Abcf2_5	FALSE
Abhd12	chr2	150658250	150730467	BAE	Abhd12_2	FALSE
Abhd14a	chr9	106342381	106350009	rMAE	Abhd14a_9	FALSE
Abl2	chr1	158488917	158579750	BAE	Abl2_1	FALSE
Abra	chr15	41696838	41701266	BAE	Abra_15	FALSE
Acaca	chr11	84008939	84215153	BAE	Acaca_11	FALSE
Acad9	chr3	35964921	35991779	BAE	Acad9_3	FALSE
Acap2	chr16	31092498	31201324	BAE	Acap2_16	FALSE
Acbd3	chr1	182656173	182684335	BAE	Acbd3_1	FALSE
Acin1	chr14	55260997	55305768	BAE	Acin1_14	FALSE
Acly	chr11	100337665	100389314	BAE	Acly_11	FALSE
Aco2	chr15	81702892	81745567	BAE	Aco2_15	FALSE
Acp1	chr12	31578190	31596477	BAE	Acp1_12	FALSE
Acsl1	chr8	47556390	47621405	BAE	Acsl1_8	FALSE
Acsl3	chr1	78654399	78704318	BAE	Acsl3_1	FALSE
Acsl5	chr19	55327858	55371118	BAE	Acsl5_19	FALSE
Actn4	chr7	29678272	29747299	BAE	Actn4_7	FALSE
Actr2	chr11	19962306	20012954	BAE	Actr2_11	FALSE
Actr3	chr1	127289481	127332304	BAE	Actr3_1	FALSE
Acvr2b	chr9	119311295	119351266	BAE	Acvr2b_9	FALSE
Adam10	chr9	70526788	70628036	BAE	Adam10_9	FALSE
Adam9	chr8	26060082	26127394	BAE	Adam9_8	FALSE
Adamts7	chr9	90057815	90094940	BAE	Adamts7_9	FALSE
Adat1	chr8	114490807	114516202	BAE	Adat1_8	FALSE
Adcy7	chr8	90796301	90853861	BAE	Adcy7_8	FALSE
Adcy9	chr16	4284885	4420498	BAE	Adcy9_16	FALSE
Adipor2	chr6	119303167	119367501	BAE	Adipor2_6	FALSE
Adnp2	chr18	80323873	80348221	rMAE	Adnp2_18	FALSE
Adpgk	chr9	59139378	59164007	BAE	Adpgk_9	FALSE
Afap1	chr5	36235967	36346571	rMAE	Afap1_5	FALSE
Aff1	chr5	104183180	104284341	rMAE	Aff1_5	FALSE
Aff3	chr1	38234171	38721800	BAE	Aff3_1	FALSE
Aff4	chr11	53164268	53235332	BAE	Aff4_11	FALSE
Aggf1	chr13	96120671	96145289	BAE	Aggf1_13	FALSE
Agpat5	chr8	18846278	18884413	BAE	Agpat5_8	FALSE
Agpat9	chr5	101275247	101328121	rMAE	Agpat9_5	FALSE
Agtrap	chr4	147451169	147462173	rMAE	Agtrap_4	FALSE
Agxt2l2	chr11	NA	NA	BAE	Agxt2l2_11	FALSE
Ahcyl2	chr6	29718442	29862310	rMAE	Ahcyl2_6	FALSE
Ahi1	chr10	20672352	20800235	rMAE	Ahi1_10	FALSE
AI480653	chr16	NA	NA	BAE	AI480653_16	FALSE
AI987944	chr7	48628299	48648749	BAE	AI987944_7	FALSE
Aig1	chr10	13372514	13588636	rMAE	Aig1_10	FALSE
Aim2	chr1	175350734	175396167	rMAE	Aim2_1	FALSE
Ak3	chr19	29095321	29122392	BAE	Ak3_19	FALSE
Akap1	chr11	88692105	88725900	BAE	Akap1_11	FALSE
Akap11	chr14	78892052	78936667	BAE	Akap11_14	FALSE
Akap12	chr10	5987069	6080212	rMAE	Akap12_10	FALSE
Akap13	chr7	82600419	82899495	rMAE	Akap13_7	FALSE
Akap8	chr17	32440616	32458183	BAE	Akap8_17	FALSE
Akap9	chr5	3928185	4080204	BAE	Akap9_5	FALSE
Akr1e1	chr13	4591735	4608410	rMAE	Akr1e1_13	FALSE
Akt1	chr12	113892031	113912487	BAE	Akt1_12	FALSE
Akt3	chr1	178952245	179178898	BAE	Akt3_1	FALSE
Aldh2	chr5	122017695	122043833	rMAE	Aldh2_5	FALSE
Alg14	chr3	120994734	121064929	BAE	Alg14_3	FALSE
Alpk1	chr3	127373227	127483445	BAE	Alpk1_3	FALSE
Alpk1	chr3	127373227	127483445	rMAE	Alpk1_3	TRUE
Alpk2	chr18	65425185	65553542	rMAE	Alpk2_18	FALSE
Alpl	chr4	137297645	137352299	BAE	Alpl_4	FALSE
Ambra1	chr2	91570294	91759006	BAE	Ambra1_2	FALSE
Ammecr1l	chr18	31919477	31943737	BAE	Ammecr1l_18	FALSE
Amotl1	chr9	14346410	14419444	rMAE	Amotl1_9	FALSE
Anapc1	chr2	128435818	128513131	BAE	Anapc1_2	FALSE
Anapc4	chr5	53225373	53257973	rMAE	Anapc4_5	FALSE
Angel2	chr1	192748986	192770370	BAE	Angel2_1	FALSE
Ank3	chr10	68996455	69490184	rMAE	Ank3_10	FALSE
Ankfy1	chr11	72503503	72585648	BAE	Ankfy1_11	FALSE
Ankib1	chr5	3689998	3803124	BAE	Ankib1_5	FALSE
Ankle2	chr5	110660022	110685670	BAE	Ankle2_5	FALSE
Ankrd11	chr8	125407721	125566184	BAE	Ankrd11_8	FALSE
Ankrd17	chr5	90656190	90795211	BAE	Ankrd17_5	FALSE
Ankrd32	chr13	NA	NA	BAE	Ankrd32_13	FALSE
Anks1	chr17	28046250	28199724	rMAE	Anks1_17	FALSE
Anln	chr9	22135657	22193650	BAE	Anln_9	FALSE
Anp32a	chr9	62189149	62226609	BAE	Anp32a_9	FALSE
Anp32b	chr4	46463988	46485395	BAE	Anp32b_4	FALSE
Anubl1	chr6	NA	NA	BAE	Anubl1_6	FALSE
Aoc2	chr11	101186376	101191008	BAE	Aoc2_11	FALSE
Ap1ar	chr3	127510182	127540410	BAE	Ap1ar_3	FALSE
Ap1g1	chr8	112302539	112388108	BAE	Ap1g1_8	FALSE
Ap2b1	chr11	83116198	83218535	BAE	Ap2b1_11	FALSE
Ap4e1	chr2	126834446	126895550	BAE	Ap4e1_2	FALSE
Apbb1ip	chr2	22629846	22731173	BAE	Apbb1ip_2	FALSE
Apc	chr18	34380637	34481844	BAE	Apc_18	FALSE
Apip	chr2	102913831	102932806	BAE	Apip_2	FALSE
Apobec1	chr6	122527809	122552462	rMAE	Apobec1_6	FALSE
Aqr	chr2	113926896	114001075	BAE	Aqr_2	FALSE
Arap1	chr7	108496582	108561100	BAE	Arap1_7	FALSE
Arfgef1	chr1	10127587	10222751	BAE	Arfgef1_1	FALSE
Arhgap10	chr8	79774264	80041806	BAE	Arhgap10_8	FALSE
Arhgap11a	chr2	113671649	113688818	BAE	Arhgap11a_2	FALSE
Arhgap15	chr2	43604343	44251473	BAE	Arhgap15_2	FALSE
Arhgap17	chr7	130422662	130513429	BAE	Arhgap17_7	FALSE
Arhgap18	chr10	26492317	26638454	rMAE	Arhgap18_10	FALSE
Arhgap19	chr19	41841077	41876574	BAE	Arhgap19_19	FALSE
Arhgap21	chr2	20769545	20889348	rMAE	Arhgap21_2	FALSE
Arhgap25	chr6	87408538	87483253	BAE	Arhgap25_6	FALSE
Arhgap30	chr1	173319090	173340370	BAE	Arhgap30_1	FALSE
Arhgdib	chr6	136872229	136890238	BAE	Arhgdib_6	FALSE
Arhgef1	chr7	25688004	25711610	BAE	Arhgef1_7	FALSE
Arhgef11	chr3	87422672	87541955	BAE	Arhgef11_3	FALSE
Arhgef18	chr8	3393007	3456600	BAE	Arhgef18_8	FALSE
Arhgef2	chr3	88420128	88451974	BAE	Arhgef2_3	FALSE
Arhgef3	chr14	27957178	28217097	rMAE	Arhgef3_14	FALSE
Arid1b	chr17	4995073	5347656	BAE	Arid1b_17	FALSE
Arid2	chr15	96117952	96235894	BAE	Arid2_15	FALSE
Arid3b	chr9	57638315	57682041	BAE	Arid3b_9	FALSE
Arid4b	chr13	14156050	14291870	BAE	Arid4b_13	FALSE
Arid5b	chr10	67558340	67741474	BAE	Arid5b_10	FALSE
Arih1	chr9	59236360	59334181	rMAE	Arih1_9	FALSE
Arl15	chr13	114584715	114947669	BAE	Arl15_13	FALSE
Arntl	chr7	120350978	120457640	BAE	Arntl_7	FALSE
Arsk	chr13	76197869	76236108	BAE	Arsk_13	FALSE
Asap1	chr15	63918401	64214481	BAE	Asap1_15	FALSE
Asb1	chr1	93437141	93456167	BAE	Asb1_1	FALSE
Asb3	chr11	30854397	31002704	BAE	Asb3_11	FALSE
Aspm	chr1	141351349	141390665	BAE	Aspm_1	FALSE
Aste1	chr9	105297721	105308086	BAE	Aste1_9	FALSE
Asxl1	chr2	153171874	153229743	BAE	Asxl1_2	FALSE
Atad1	chr19	32747052	32786788	BAE	Atad1_19	FALSE
Atad5	chr11	79902901	79949293	BAE	Atad5_11	FALSE
Atf6	chr1	172634587	172797902	BAE	Atf6_1	FALSE
Atf7ip	chr6	136467371	136555900	BAE	Atf7ip_6	FALSE
Atg10	chr13	91074953	91363592	BAE	Atg10_13	FALSE
Atg16l1	chr1	89652585	89689003	BAE	Atg16l1_1	FALSE
Atg2b	chr12	106851748	106923451	BAE	Atg2b_12	FALSE
Atg7	chr6	114593118	114810632	BAE	Atg7_6	FALSE
Atm	chr9	53245226	53344776	BAE	Atm_9	FALSE
Atmin	chr8	119467292	119484345	BAE	Atmin_8	FALSE
Atp11b	chr3	35653059	35755198	BAE	Atp11b_3	FALSE
Atp13a1	chr8	72315061	72331647	BAE	Atp13a1_8	FALSE
Atp13a3	chr16	30312509	30388616	BAE	Atp13a3_16	FALSE
Atp1b3	chr9	96233094	96264718	BAE	Atp1b3_9	FALSE
Atp2a2	chr5	122903521	122952234	rMAE	Atp2a2_5	FALSE
Atp2b1	chr10	98377785	98488777	rMAE	Atp2b1_10	FALSE
Atp5l	chr9	44721330	44728825	BAE	Atp5l_9	FALSE
Atp6v1c1	chr15	38591658	38622199	BAE	Atp6v1c1_15	FALSE
Atp6v1h	chr1	5073166	5152630	BAE	Atp6v1h_1	FALSE
Atp8a1	chr5	68009377	68238670	BAE	Atp8a1_5	FALSE
Atp9b	chr18	80930879	81130797	BAE	Atp9b_18	FALSE
Atpaf1	chr4	115457418	115484919	rMAE	Atpaf1_4	FALSE
Atpbd4	chr2	NA	NA	rMAE	Atpbd4_2	FALSE
Atrn	chr2	130732231	130856062	BAE	Atrn_2	FALSE
Atxn10	chr15	85166810	85294266	BAE	Atxn10_15	FALSE
Atxn2	chr5	122161617	122264959	BAE	Atxn2_5	FALSE
AU019823	chr9	50413344	50425569	BAE	AU019823_9	FALSE
Aurkb	chr11	68859144	68865164	BAE	Aurkb_11	FALSE
Aven	chr2	112333120	112471410	BAE	Aven_2	FALSE
AW146154	chr7	48734243	48755260	BAE	AW146154_7	FALSE
AW549877	chr15	3932034	3945752	BAE	AW549877_15	FALSE
Axin1	chr17	26275630	26332756	BAE	Axin1_17	FALSE
B130006D01Rik	chr11	95584899	95588087	BAE	B130006D01Rik_11	FALSE
B230120H23Rik	chr2	72123757	72245558	rMAE	B230120H23Rik_2	FALSE
B230219D22Rik	chr13	55794484	55804861	BAE	B230219D22Rik_13	FALSE
B2m	chr2	121973422	121978818	BAE	B2m_2	FALSE
B3galtl	chr5	150480831	150565174	rMAE	B3galtl_5	FALSE
B4galnt1	chr10	126602211	126609396	rMAE	B4galnt1_10	FALSE
Baz1a	chr12	55993975	56087323	BAE	Baz1a_12	FALSE
Bbx	chr16	50191956	50432502	BAE	Bbx_16	FALSE
BC017158	chr7	135414892	135441645	BAE	BC017158_7	FALSE
BC018507	chr13	70727566	70776512	BAE	BC018507_13	FALSE
BC019943	chr8	NA	NA	BAE	BC019943_8	FALSE
BC024479	chr9	NA	NA	BAE	BC024479_9	FALSE
BC031353	chr9	NA	NA	BAE	BC031353_9	FALSE
BC035044	chr6	128798061	128841142	BAE	BC035044_6	FALSE
BC052040	chr2	115407451	115604504	BAE	BC052040_2	FALSE
BC055324	chr1	165884138	165924912	rMAE	BC055324_1	FALSE
BC067068	chr10	NA	NA	rMAE	BC067068_10	FALSE
Bcap29	chr12	32280218	32319523	BAE	Bcap29_12	FALSE
Bcas3	chr11	85166665	85639560	BAE	Bcas3_11	FALSE
Bcat1	chr6	144942354	145024677	BAE	Bcat1_6	FALSE
Bckdhb	chr9	83818743	84017847	rMAE	Bckdhb_9	FALSE
Bcl2l13	chr6	120786247	120842860	BAE	Bcl2l13_6	FALSE
Bdp1	chr13	100787948	100874025	BAE	Bdp1_13	FALSE
Bfar	chr16	13671950	13703705	BAE	Bfar_16	FALSE
Bfsp2	chr9	103327253	103382658	rMAE	Bfsp2_9	FALSE
Birc6	chr17	74927634	75102696	rMAE	Birc6_17	FALSE
Blk	chr14	63991673	64036024	BAE	Blk_14	FALSE
Blnk	chr19	41003416	41069025	BAE	Blnk_19	FALSE
Bmpr1a	chr14	35224253	35315732	rMAE	Bmpr1a_14	FALSE
Bms1	chr6	118333398	118369435	BAE	Bms1_6	FALSE
Bod1l	chr5	42178778	42235554	rMAE	Bod1l_5	FALSE
Bod1l	chr5	42178777	42235554	BAE	Bod1l_5	TRUE
Bptf	chr11	106894394	106993236	rMAE	Bptf_11	FALSE
Braf	chr6	39553236	39675462	BAE	Braf_6	FALSE
Brca1	chr11	101350077	101413269	BAE	Brca1_11	FALSE
Brca2	chr5	151325204	151372324	BAE	Brca2_5	FALSE
Bre	chr5	32000422	32387112	BAE	Bre_5	FALSE
Bri3bp	chr5	125921937	125941255	BAE	Bri3bp_5	FALSE
Brip1	chr11	85871637	86014695	BAE	Brip1_11	FALSE
Brpf3	chr17	28938070	28975734	BAE	Brpf3_17	FALSE
Bsdc1	chr4	129138922	129165676	BAE	Bsdc1_4	FALSE
Bst2	chr8	74058160	74061336	BAE	Bst2_8	FALSE
Btbd10	chr7	120459157	120512853	rMAE	Btbd10_7	FALSE
Btbd9	chr17	30352468	30713232	BAE	Btbd9_17	FALSE
Btrc	chr19	45438223	45607833	BAE	Btrc_19	FALSE
C130036L24Rik	chr1	88256148	88264539	BAE	C130036L24Rik_1	FALSE
C1galt1	chr6	7795223	7822042	BAE	C1galt1_6	FALSE
C2cd3	chr7	107520742	107618668	BAE	C2cd3_7	FALSE
C330018D20Rik	chr18	57115484	57135033	BAE	C330018D20Rik_18	FALSE
C330019G07Rik	chr5	NA	NA	BAE	C330019G07Rik_5	FALSE
C80913	chr7	NA	NA	BAE	C80913_7	FALSE
Cab39	chr1	87690021	87748152	rMAE	Cab39_1	FALSE
Cacnb2	chr2	14525932	14909535	BAE	Cacnb2_2	FALSE
Cad	chr5	31357152	31380852	rMAE	Cad_5	FALSE
Calm1	chr12	101437750	101448016	BAE	Calm1_12	FALSE
Calr	chr8	87365986	87370830	BAE	Calr_8	FALSE
Camta1	chr4	150433631	151235877	BAE	Camta1_4	FALSE
Cant1	chr11	118267602	118280432	BAE	Cant1_11	FALSE
Canx	chr11	50107458	50139175	BAE	Canx_11	FALSE
Capza1	chr3	104625702	104667423	BAE	Capza1_3	FALSE
Capza2	chr6	17587097	17616536	BAE	Capza2_6	FALSE
Car12	chr9	66561492	66614652	rMAE	Car12_9	FALSE
Car2	chr3	14886425	14900770	rMAE	Car2_3	FALSE
Carkd	chr8	11497505	11513286	BAE	Carkd_8	FALSE
Casc3	chr11	98671121	98695121	BAE	Casc3_11	FALSE
Casc5	chr2	118872854	118929857	BAE	Casc5_2	FALSE
Cast	chr13	74830741	74946208	BAE	Cast_13	FALSE
Cat	chr2	103294060	103325310	BAE	Cat_2	FALSE
Cbara1	chr10	NA	NA	BAE	Cbara1_10	FALSE
Cbfa2t2	chr2	154262219	154365092	BAE	Cbfa2t2_2	FALSE
Cbfa2t3	chr8	125149035	125202075	rMAE	Cbfa2t3_8	FALSE
Cbx5	chr15	103021976	103045783	BAE	Cbx5_15	FALSE
Ccar1	chr10	62206675	62255116	rMAE	Ccar1_10	FALSE
Ccdc38	chr10	93003376	93047071	BAE	Ccdc38_10	FALSE
Ccdc77	chr6	120274339	120314387	BAE	Ccdc77_6	FALSE
Ccdc88a	chr11	29273774	29410811	BAE	Ccdc88a_11	FALSE
Ccdc88c	chr12	102150909	102267193	BAE	Ccdc88c_12	FALSE
Ccdc9	chr7	16859390	16872144	BAE	Ccdc9_7	FALSE
Ccnb2	chr9	70255495	70269361	rMAE	Ccnb2_9	FALSE
Ccnd2	chr6	127075726	127101066	BAE	Ccnd2_6	FALSE
Ccnd3	chr17	47641999	47736637	BAE	Ccnd3_17	FALSE
Ccnk	chr12	109417947	109441569	BAE	Ccnk_12	FALSE
Ccny	chr18	9314041	9450148	BAE	Ccny_18	FALSE
Ccz1	chr5	144748777	144775722	rMAE	Ccz1_5	FALSE
Cd2ap	chr17	42929899	43013373	BAE	Cd2ap_17	FALSE
Cd2bp2	chr7	134335173	134339514	BAE	Cd2bp2_7	FALSE
Cd74	chr18	60963502	60972306	BAE	Cd74_18	FALSE
Cd84	chr1	173769827	173820849	BAE	Cd84_1	FALSE
Cdc25a	chr9	109778082	109796394	BAE	Cdc25a_9	FALSE
Cdc42ep3	chr17	79733364	79754431	BAE	Cdc42ep3_17	FALSE
Cdca2	chr14	68294410	68333898	BAE	Cdca2_14	FALSE
Cdca4	chr12	114058445	114067600	BAE	Cdca4_12	FALSE
Cdk12	chr11	98064618	98114854	BAE	Cdk12_11	FALSE
Cdk13	chr13	17807795	17896931	BAE	Cdk13_13	FALSE
Cdk14	chr5	4803383	5380251	rMAE	Cdk14_5	FALSE
Cdk19	chr10	40069113	40203624	rMAE	Cdk19_10	FALSE
Cdk6	chr5	3344311	3522225	rMAE	Cdk6_5	FALSE
Cdkal1	chr13	29283614	29947542	BAE	Cdkal1_13	FALSE
Cdon	chr9	35259660	35315237	rMAE	Cdon_9	FALSE
Cds2	chr2	132088992	132137777	BAE	Cds2_2	FALSE
Cdv3	chr9	103255431	103268110	BAE	Cdv3_9	FALSE
Cdyl	chr13	35751730	35965933	BAE	Cdyl_13	FALSE
Cdyl2	chr8	119092623	119256891	rMAE	Cdyl2_8	FALSE
Cebpz	chr17	79318342	79336410	BAE	Cebpz_17	FALSE
Cecr2	chr6	120616438	120721209	BAE	Cecr2_6	FALSE
Cenpa	chr5	30969258	30977210	BAE	Cenpa_5	FALSE
Cenpe	chr3	134875526	134936504	BAE	Cenpe_3	FALSE
Cenpf	chr1	191464492	191511965	BAE	Cenpf_1	FALSE
Cep110	chr2	34965011	35034342	BAE	Cep110_2	FALSE
Cep120	chr18	53841376	53904201	BAE	Cep120_18	FALSE
Cep128	chr12	92236931	92622849	BAE	Cep128_12	FALSE
Cep135	chr5	77020738	77075491	BAE	Cep135_5	FALSE
Cep192	chr18	67959760	68044824	BAE	Cep192_18	FALSE
Cep250	chr2	155782293	155824636	BAE	Cep250_2	FALSE
Cep290	chr10	99950922	100036289	rMAE	Cep290_10	FALSE
Cep350	chr1	157692093	157820385	BAE	Cep350_1	FALSE
Cep68	chr11	20127039	20149427	BAE	Cep68_11	FALSE
Cerk	chr15	85969530	86016571	BAE	Cerk_15	FALSE
Chaf1b	chr16	93884145	93906351	BAE	Chaf1b_16	FALSE
Chchd3	chr6	32742226	33010152	BAE	Chchd3_6	FALSE
Chd1	chr17	15841930	15909576	BAE	Chd1_17	FALSE
Chd4	chr6	125046180	125080519	BAE	Chd4_6	FALSE
Chd6	chr2	160772713	160934792	BAE	Chd6_2	FALSE
Chd8	chr14	52817825	52857247	BAE	Chd8_14	FALSE
Chd9	chr8	93352733	93578407	BAE	Chd9_8	FALSE
Cherp	chr8	74984381	74999132	BAE	Cherp_8	FALSE
Chmp4b	chr2	154482761	154520519	BAE	Chmp4b_2	FALSE
Chn2	chr6	53989925	54251806	rMAE	Chn2_6	FALSE
Chst11	chr10	82448241	82658636	rMAE	Chst11_10	FALSE
Churc1	chr12	77866559	77884165	rMAE	Churc1_12	FALSE
Ciita	chr16	10480164	10527733	rMAE	Ciita_16	FALSE
Cit	chr5	116295664	116456350	BAE	Cit_5	FALSE
Ckap5	chr2	91386478	91460822	BAE	Ckap5_2	FALSE
Clasp1	chr1	120285634	120506039	BAE	Clasp1_1	FALSE
Clasp2	chr9	113650590	113828815	BAE	Clasp2_9	FALSE
Clcn3	chr8	63389185	63462108	BAE	Clcn3_8	FALSE
Clcn7	chr17	25270335	25299048	BAE	Clcn7_17	FALSE
Clec16a	chr16	10545431	10744971	BAE	Clec16a_16	FALSE
Clgn	chr8	85913789	85952451	rMAE	Clgn_8	FALSE
Clip1	chr5	124029078	124134300	BAE	Clip1_5	FALSE
Clpb	chr7	108812281	108938682	BAE	Clpb_7	FALSE
Cltc	chr11	86508154	86570994	BAE	Cltc_11	FALSE
Cnn3	chr3	121129458	121161123	rMAE	Cnn3_3	FALSE
Cnot1	chr8	98243350	98331362	BAE	Cnot1_8	FALSE
Cnot10	chr9	114494991	114549318	BAE	Cnot10_9	FALSE
Cnot8	chr11	57917654	57932096	rMAE	Cnot8_11	FALSE
Cog1	chr11	113510842	113523715	BAE	Cog1_11	FALSE
Cog3	chr14	76102157	76154300	BAE	Cog3_14	FALSE
Cog5	chr12	32339733	32622495	BAE	Cog5_12	FALSE
Cog7	chr7	129066352	129125207	BAE	Cog7_7	FALSE
Coil	chr11	88835248	88852927	BAE	Coil_11	FALSE
Col4a3bp	chr13	97312689	97410122	BAE	Col4a3bp_13	FALSE
Copa	chr1	174012659	174052463	BAE	Copa_1	FALSE
Cops2	chr2	125656037	125684818	BAE	Cops2_2	FALSE
Cops5	chr1	10014680	10028240	BAE	Cops5_1	FALSE
Copz1	chr15	103103348	103130295	BAE	Copz1_15	FALSE
Cpne1	chr2	155897576	155937701	BAE	Cpne1_2	FALSE
Cpsf6	chr10	116781723	116814029	rMAE	Cpsf6_10	FALSE
Cpt1a	chr19	3323300	3385733	BAE	Cpt1a_19	FALSE
Crcp	chr5	130505175	130536653	BAE	Crcp_5	FALSE
Creb1	chr1	64579377	64651122	rMAE	Creb1_1	FALSE
Crim1	chr17	78599587	78775932	BAE	Crim1_17	FALSE
Crk	chr11	75492760	75521930	BAE	Crk_11	FALSE
Crnkl1	chr2	145743217	145760436	rMAE	Crnkl1_2	FALSE
Crtc3	chr7	87731517	87833763	rMAE	Crtc3_7	FALSE
Cryl1	chr14	57893870	58017320	rMAE	Cryl1_14	FALSE
Cryzl1	chr16	91689566	91729047	BAE	Cryzl1_16	FALSE
Cse1l	chr2	166731595	166771889	BAE	Cse1l_2	FALSE
Csgalnact1	chr8	70880679	71259045	rMAE	Csgalnact1_8	FALSE
Csnk1g1	chr9	65756816	65892821	BAE	Csnk1g1_9	FALSE
Csrp1	chr1	137625773	137648806	BAE	Csrp1_1	FALSE
Cstf3	chr2	104430640	104505582	BAE	Cstf3_2	FALSE
Ctage5	chr12	60230732	60291207	BAE	Ctage5_12	FALSE
Ctdp1	chr18	80604697	80666406	BAE	Ctdp1_18	FALSE
Ctdspl2	chr2	121781736	121841062	BAE	Ctdspl2_2	FALSE
Ctnnb1	chr9	120842517	120869625	BAE	Ctnnb1_9	FALSE
Ctnnd1	chr2	84440937	84490897	rMAE	Ctnnd1_2	FALSE
Ctse	chr1	133534890	133572084	BAE	Ctse_1	FALSE
Cuedc2	chr19	46404301	46413150	BAE	Cuedc2_19	FALSE
Cul1	chr6	47404322	47476138	rMAE	Cul1_6	FALSE
Cux1	chr5	136724004	137043360	BAE	Cux1_5	FALSE
Cxxc1	chr18	74375865	74381145	BAE	Cxxc1_18	FALSE
Cxxc5	chr18	35989471	36021342	rMAE	Cxxc5_18	FALSE
Cyb5b	chr8	109674560	109711370	BAE	Cyb5b_8	FALSE
Cyfip2	chr11	46007350	46125860	BAE	Cyfip2_11	FALSE
Cyp39a1	chr17	43804320	43888380	rMAE	Cyp39a1_17	FALSE
Cyp4f13	chr17	33061632	33084306	BAE	Cyp4f13_17	FALSE
Cyth1	chr11	118025479	118109906	rMAE	Cyth1_11	FALSE
D10Wsu102e	chr10	82822965	82831580	BAE	D10Wsu102e_10	FALSE
D16Ertd472e	chr16	78540580	78576933	BAE	D16Ertd472e_16	FALSE
D16Ertd472e	chr16	78540580	78576933	rMAE	D16Ertd472e_16	TRUE
D19Bwg1357e	chr19	NA	NA	BAE	D19Bwg1357e_19	FALSE
D1Bwg0212e	chr1	NA	NA	BAE	D1Bwg0212e_1	FALSE
D630045J12Rik	chr6	38073173	38204009	rMAE	D630045J12Rik_6	FALSE
D8Ertd82e	chr8	37157881	37210841	BAE	D8Ertd82e_8	FALSE
D9Ertd402e	chr9	NA	NA	BAE	D9Ertd402e_9	FALSE
Daglb	chr5	144225360	144265310	BAE	Daglb_5	FALSE
Dars	chr1	130260283	130313993	BAE	Dars_1	FALSE
Dbr1	chr9	99476217	99484762	BAE	Dbr1_9	FALSE
Dbt	chr3	116215996	116252899	BAE	Dbt_3	FALSE
Dcaf15	chr8	86620970	86628661	BAE	Dcaf15_8	FALSE
Dcaf8	chr1	174078145	174126524	BAE	Dcaf8_1	FALSE
Dck	chr5	89194037	89212302	BAE	Dck_5	FALSE
Dcp1a	chr14	31292750	31340242	BAE	Dcp1a_14	FALSE
Dcp1b	chr6	119125270	119171632	BAE	Dcp1b_6	FALSE
Dcp2	chr18	44540153	44584623	rMAE	Dcp2_18	FALSE
Dcps	chr9	34931998	34983572	BAE	Dcps_9	FALSE
Dctd	chr8	49184445	49227021	BAE	Dctd_8	FALSE
Dctn4	chr18	60685874	60718416	BAE	Dctn4_18	FALSE
Dctn5	chr7	129276554	129292558	rMAE	Dctn5_7	FALSE
Ddb1	chr19	10680114	10704311	BAE	Ddb1_19	FALSE
Ddx1	chr12	13226112	13255980	BAE	Ddx1_12	FALSE
Ddx21	chr10	62042994	62065046	rMAE	Ddx21_10	FALSE
Ddx24	chr12	104646185	104663990	BAE	Ddx24_12	FALSE
Ddx46	chr13	55736359	55782628	BAE	Ddx46_13	FALSE
Dennd1b	chr1	140860285	141072619	BAE	Dennd1b_1	FALSE
Dennd2d	chr3	106285348	106305948	BAE	Dennd2d_3	FALSE
Dennd4a	chr9	64658817	64767474	BAE	Dennd4a_9	FALSE
Dennd4c	chr4	86394458	86496506	rMAE	Dennd4c_4	FALSE
Dennd5b	chr6	148936590	149050202	BAE	Dennd5b_6	FALSE
Depdc1b	chr13	109106530	109179751	BAE	Depdc1b_13	FALSE
Depdc5	chr5	33206369	33336882	BAE	Depdc5_5	FALSE
Dgkd	chr1	89749861	89841064	BAE	Dgkd_1	FALSE
Dgkh	chr14	78969415	79124896	BAE	Dgkh_14	FALSE
Dgkq	chr5	109076062	109089788	BAE	Dgkq_5	FALSE
Dhx33	chr11	70797592	70817934	BAE	Dhx33_11	FALSE
Dhx34	chr7	16782569	16807381	BAE	Dhx34_7	FALSE
Diap3	chr14	NA	NA	BAE	Diap3_14	FALSE
Dicer1	chr12	105925951	105990162	BAE	Dicer1_12	FALSE
Dip2b	chr15	99869094	100049904	BAE	Dip2b_15	FALSE
Dip2c	chr13	9275770	9668172	BAE	Dip2c_13	FALSE
Dis3l2	chr1	88600378	88946672	rMAE	Dis3l2_1	FALSE
Dlg2	chr7	98239295	99597756	BAE	Dlg2_7	FALSE
Dlgap4	chr2	156439432	156590099	BAE	Dlgap4_2	FALSE
Dlgap5	chr14	48007453	48038082	BAE	Dlgap5_14	FALSE
Dmxl1	chr18	49992650	50125127	BAE	Dmxl1_18	FALSE
Dnajb4	chr3	151846834	151873047	BAE	Dnajb4_3	FALSE
Dnajc1	chr2	18127959	18314457	BAE	Dnajc1_2	FALSE
Dnajc10	chr2	80155622	80194212	rMAE	Dnajc10_2	FALSE
Dnajc2	chr5	21263094	21290983	BAE	Dnajc2_5	FALSE
Dnajc5	chr2	181255189	181287585	BAE	Dnajc5_2	FALSE
Dnajc6	chr4	101169252	101315404	rMAE	Dnajc6_4	FALSE
Dnalc4	chr15	NA	NA	BAE	Dnalc4_15	FALSE
Dnmt1	chr9	20711649	20757067	BAE	Dnmt1_9	FALSE
Dock10	chr1	80497647	80755128	BAE	Dock10_1	FALSE
Dock2	chr11	34126863	34597325	BAE	Dock2_11	FALSE
Dock9	chr14	121941260	122196956	rMAE	Dock9_14	FALSE
Dopey1	chr9	86360760	86449413	BAE	Dopey1_9	FALSE
Dpp4	chr2	62168129	62250288	BAE	Dpp4_2	FALSE
Dpp7	chr2	25207809	25211852	BAE	Dpp7_2	FALSE
Dpp8	chr9	64880264	64930458	BAE	Dpp8_9	FALSE
Dpy19l3	chr7	36470518	36539473	BAE	Dpy19l3_7	FALSE
Dst	chr1	34068669	34365497	rMAE	Dst_1	FALSE
Dstyk	chr1	134314029	134363536	BAE	Dstyk_1	FALSE
Dusp16	chr6	134665485	134742646	BAE	Dusp16_6	FALSE
Dym	chr18	75178425	75446620	BAE	Dym_18	FALSE
Dync1h1	chr12	111839604	111905154	BAE	Dync1h1_12	FALSE
Dync1i2	chr2	71049762	71101359	rMAE	Dync1i2_2	FALSE
Dync1li2	chr8	106941573	106966947	BAE	Dync1li2_8	FALSE
Dync2h1	chr9	6928502	7177046	BAE	Dync2h1_9	FALSE
Dyrk2	chr10	118296404	118305959	BAE	Dyrk2_10	FALSE
E2f8	chr7	56121798	56136411	rMAE	E2f8_7	FALSE
Ebf1	chr11	44431601	44821598	BAE	Ebf1_11	FALSE
Edem3	chr1	153602503	153669458	BAE	Edem3_1	FALSE
Eea1	chr10	95403296	95508152	BAE	Eea1_10	FALSE
Eef2k	chr7	127986344	128050733	BAE	Eef2k_7	FALSE
Efha2	chr8	NA	NA	BAE	Efha2_8	FALSE
Egln1	chr8	127432486	127473154	BAE	Egln1_8	FALSE
Ehd4	chr2	119915222	119980311	BAE	Ehd4_2	FALSE
Ehmt1	chr2	24646288	24775129	BAE	Ehmt1_2	FALSE
Eif2ak2	chr17	79251889	79281912	BAE	Eif2ak2_17	FALSE
Eif2s2	chr2	154697145	154718642	BAE	Eif2s2_2	FALSE
Eif3a	chr19	60837018	60866596	BAE	Eif3a_19	FALSE
Eif3c	chr7	133690424	133709880	BAE	Eif3c_7	FALSE
Eif3l	chr15	78905652	78924830	BAE	Eif3l_15	FALSE
Eif4a3	chr11	119149676	119161357	rMAE	Eif4a3_11	FALSE
Eif4e	chr3	138189154	138222660	BAE	Eif4e_3	FALSE
Eif4g1	chr16	20672821	20692956	BAE	Eif4g1_16	FALSE
Eif4g3	chr4	137549370	137762994	BAE	Eif4g3_4	FALSE
Elk4	chr1	133904181	133922261	BAE	Elk4_1	FALSE
Ell2	chr13	75844931	75909806	BAE	Ell2_13	FALSE
Elmo1	chr13	20182375	20700222	BAE	Elmo1_13	FALSE
Elovl1	chr4	118100697	118105557	BAE	Elovl1_4	FALSE
Elovl6	chr3	129235303	129341411	BAE	Elovl6_3	FALSE
Elp3	chr14	66149282	66211949	BAE	Elp3_14	FALSE
Eml4	chr17	83750270	83879699	BAE	Eml4_17	FALSE
Ep400	chr5	111093391	111199736	BAE	Ep400_5	FALSE
Epb4.1	chr4	NA	NA	rMAE	Epb4.1_4	FALSE
Epha5	chr5	84483787	84846407	rMAE	Epha5_5	FALSE
Eps15l1	chr8	74864895	74945373	BAE	Eps15l1_8	FALSE
Eps8	chr6	137425765	137597806	rMAE	Eps8_6	FALSE
Erbb2ip	chr13	104608865	104710594	BAE	Erbb2ip_13	FALSE
Erc1	chr6	119520813	119798168	BAE	Erc1_6	FALSE
Ercc4	chr16	13109828	13152102	BAE	Ercc4_16	FALSE
Ergic1	chr17	26698456	26793878	BAE	Ergic1_17	FALSE
Eri1	chr8	36528318	36558587	BAE	Eri1_8	FALSE
Esco2	chr14	66437863	66452806	rMAE	Esco2_14	FALSE
Esf1	chr2	139945616	139996294	BAE	Esf1_2	FALSE
Esr1	chr10	5340907	5734552	rMAE	Esr1_10	FALSE
Esrrg	chr1	189432884	190038763	rMAE	Esrrg_1	FALSE
Etv6	chr6	133985717	134220165	BAE	Etv6_6	FALSE
Evl	chr12	109792929	109926725	BAE	Evl_12	FALSE
Exoc2	chr13	30905786	31065916	BAE	Exoc2_13	FALSE
Exoc4	chr6	33199149	33922930	BAE	Exoc4_6	FALSE
Exoc5	chr14	49631818	49686342	BAE	Exoc5_14	FALSE
Exosc1	chr19	41997469	42007804	BAE	Exosc1_19	FALSE
Exosc7	chr9	123022348	123045247	rMAE	Exosc7_9	FALSE
Ezh2	chr6	47480272	47545029	BAE	Ezh2_6	FALSE
Fam105b	chr15	NA	NA	BAE	Fam105b_15	FALSE
Fam107b	chr2	3630729	3699406	BAE	Fam107b_2	FALSE
Fam111a	chr19	12648014	12664186	BAE	Fam111a_19	FALSE
Fam120a	chr13	48974585	49063197	BAE	Fam120a_13	FALSE
Fam125a	chr8	NA	NA	BAE	Fam125a_8	FALSE
Fam126a	chr5	23421093	23536130	BAE	Fam126a_5	FALSE
Fam129c	chr8	74121544	74132048	BAE	Fam129c_8	FALSE
Fam13b	chr18	34602004	34666477	BAE	Fam13b_18	FALSE
Fam160b2	chr14	70983101	70999642	BAE	Fam160b2_14	FALSE
Fam168b	chr1	34870062	34899895	BAE	Fam168b_1	FALSE
Fam172a	chr13	77847950	78305501	BAE	Fam172a_13	FALSE
Fam175b	chr7	140050907	140076797	BAE	Fam175b_7	FALSE
Fam178a	chr19	45005608	45058277	BAE	Fam178a_19	FALSE
Fam18b	chr11	NA	NA	BAE	Fam18b_11	FALSE
Fam20b	chr1	158608701	158649041	BAE	Fam20b_1	FALSE
Fam35a	chr14	35050220	35123689	BAE	Fam35a_14	FALSE
Fam46c	chr3	100275458	100293115	rMAE	Fam46c_3	FALSE
Fam65a	chr8	108129128	108146118	BAE	Fam65a_8	FALSE
Fam83d	chr2	158593834	158612373	BAE	Fam83d_2	FALSE
Fam98b	chr2	117075474	117097276	BAE	Fam98b_2	FALSE
Fam98c	chr7	29937528	29941229	BAE	Fam98c_7	FALSE
Fancc	chr13	63406016	63533053	BAE	Fancc_13	FALSE
Fars2	chr13	36209511	36629464	BAE	Fars2_13	FALSE
Fbxl14	chr6	119429685	119433904	BAE	Fbxl14_6	FALSE
Fbxl17	chr17	63395300	63849929	BAE	Fbxl17_17	FALSE
Fbxo28	chr1	184243232	184271737	BAE	Fbxo28_1	FALSE
Fbxo34	chr14	48092235	48151637	BAE	Fbxo34_14	FALSE
Fbxo46	chr7	19705207	19723610	BAE	Fbxo46_7	FALSE
Fbxo5	chr10	4541075	4547383	BAE	Fbxo5_10	FALSE
Fbxo8	chr8	59029930	59072736	BAE	Fbxo8_8	FALSE
Fbxw11	chr11	32542554	32646814	BAE	Fbxw11_11	FALSE
Fbxw8	chr5	118514989	118605467	rMAE	Fbxw8_5	FALSE
Fdxacb1	chr9	50576342	50580775	BAE	Fdxacb1_9	FALSE
Fgd3	chr13	49358478	49404577	BAE	Fgd3_13	FALSE
Fgd6	chr10	93498745	93608084	BAE	Fgd6_10	FALSE
Fig4	chr10	40907977	41023047	BAE	Fig4_10	FALSE
Fip1l1	chr5	74931506	74993149	BAE	Fip1l1_5	FALSE
Fis1	chr5	137429144	137442104	BAE	Fis1_5	FALSE
Fmn2	chr1	176431955	176752860	rMAE	Fmn2_1	FALSE
Fnbp1	chr2	30881725	30997528	BAE	Fnbp1_2	FALSE
Fndc3a	chr14	72937759	73109810	BAE	Fndc3a_14	FALSE
Foxk1	chr5	142877450	142937969	BAE	Foxk1_5	FALSE
Foxk2	chr11	121121300	121171210	BAE	Foxk2_11	FALSE
Foxm1	chr6	128313011	128325904	BAE	Foxm1_6	FALSE
Foxn3	chr12	100433303	100688284	BAE	Foxn3_12	FALSE
Foxo1	chr3	52072258	52154031	BAE	Foxo1_3	FALSE
Frmd6	chr12	71926500	72003221	BAE	Frmd6_12	FALSE
Frrs1	chr3	116562484	116606668	rMAE	Frrs1_3	FALSE
Fryl	chr5	73411429	73647857	BAE	Fryl_5	FALSE
Fto	chr8	93837423	94192332	BAE	Fto_8	FALSE
Fubp1	chr3	151873421	151899794	BAE	Fubp1_3	FALSE
G2e3	chr12	52449216	52477973	BAE	G2e3_12	FALSE
G3bp1	chr11	55283253	55314389	BAE	G3bp1_11	FALSE
G3bp2	chr5	92481170	92512770	BAE	G3bp2_5	FALSE
Gabpb2	chr3	94985689	95021864	BAE	Gabpb2_3	FALSE
Gak	chr5	108998125	109058796	BAE	Gak_5	FALSE
Galnt1	chr18	24363844	24445317	BAE	Galnt1_18	FALSE
Galnt1	chr18	24363844	24445317	rMAE	Galnt1_18	TRUE
Galnt2	chr8	126755293	126869622	BAE	Galnt2_8	FALSE
Gart	chr16	91621641	91647217	rMAE	Gart_16	FALSE
Gas5	chr1	162965296	162968668	rMAE	Gas5_1	FALSE
Gatad2a	chr8	72430967	72520283	BAE	Gatad2a_8	FALSE
Gbe1	chr16	70314193	70569965	rMAE	Gbe1_16	FALSE
Gbf1	chr19	46227047	46361000	BAE	Gbf1_19	FALSE
Gbp7	chr3	142193305	142213047	rMAE	Gbp7_3	FALSE
Gcap14	chr14	NA	NA	BAE	Gcap14_14	FALSE
Gclc	chr9	77602341	77642296	BAE	Gclc_9	FALSE
Gcn1l1	chr5	116015271	116072663	BAE	Gcn1l1_5	FALSE
Gfm1	chr3	67234036	67278990	BAE	Gfm1_3	FALSE
Gfm2	chr13	97907891	97951151	BAE	Gfm2_13	FALSE
Gfra1	chr19	58310070	58529888	rMAE	Gfra1_19	FALSE
Gga3	chr11	115445568	115465230	BAE	Gga3_11	FALSE
Ggcx	chr6	72364301	72381100	BAE	Ggcx_6	FALSE
Ghitm	chr14	37933631	37948508	BAE	Ghitm_14	FALSE
Gimap4	chr6	48634576	48642061	rMAE	Gimap4_6	FALSE
Gins4	chr8	24337081	24348140	BAE	Gins4_8	FALSE
Git2	chr5	115177416	115223501	BAE	Git2_5	FALSE
Glrx3	chr7	144629330	144660277	BAE	Glrx3_7	FALSE
Gm14005	chr2	128124398	128255087	BAE	Gm14005_2	FALSE
Gm17296	chr8	128950551	128998965	BAE	Gm17296_8	FALSE
Gm608	chr16	44173509	44227578	BAE	Gm608_16	FALSE
Gmcl1	chr6	86641761	86683372	BAE	Gmcl1_6	FALSE
Gmds	chr13	31911454	32430413	BAE	Gmds_13	FALSE
Gmip	chr8	72332585	72345769	BAE	Gmip_8	FALSE
Gna13	chr11	109224107	109262683	BAE	Gna13_11	FALSE
Gnaq	chr19	16207320	16461943	BAE	Gnaq_19	FALSE
Gnpat	chr8	127386932	127413957	BAE	Gnpat_8	FALSE
Gnptab	chr10	87842156	87910074	BAE	Gnptab_10	FALSE
Golga4	chr9	118415435	118491637	BAE	Golga4_9	FALSE
Golga5	chr12	103707343	103736117	BAE	Golga5_12	FALSE
Golga7	chr8	24351797	24367552	rMAE	Golga7_8	FALSE
Gon4l	chr3	88639152	88714021	BAE	Gon4l_3	FALSE
Gosr1	chr11	76540103	76577057	BAE	Gosr1_11	FALSE
Gpatch8	chr11	102337229	102417472	BAE	Gpatch8_11	FALSE
Gpr161	chr1	167225896	167256876	rMAE	Gpr161_1	FALSE
Gpr56	chr8	97501008	97538108	BAE	Gpr56_8	FALSE
Gramd4	chr15	85888124	85968066	BAE	Gramd4_15	FALSE
Grap2	chr15	80403026	80483284	rMAE	Grap2_15	FALSE
Grinl1a	chr9	NA	NA	BAE	Grinl1a_9	FALSE
Grk6	chr13	55546694	55562288	BAE	Grk6_13	FALSE
Grlf1	chr7	NA	NA	BAE	Grlf1_7	FALSE
Gsk3b	chr16	38089086	38246165	BAE	Gsk3b_16	FALSE
Gsr	chr8	34763709	34808634	BAE	Gsr_8	FALSE
Gstcd	chr3	132645514	132754704	BAE	Gstcd_3	FALSE
Gtf2b	chr3	142428210	142446569	BAE	Gtf2b_3	FALSE
Gtf2f1	chr17	57142824	57150711	BAE	Gtf2f1_17	FALSE
Gtf2f2	chr14	76296743	76410672	BAE	Gtf2f2_14	FALSE
Gtpbp1	chr15	79521325	79551909	BAE	Gtpbp1_15	FALSE
Gtse1	chr15	85690136	85707003	BAE	Gtse1_15	FALSE
Gyg	chr3	20021969	20055015	rMAE	Gyg_3	FALSE
Gypc	chr18	32687973	32719688	rMAE	Gypc_18	FALSE
H13	chr2	152495196	152534404	BAE	H13_2	FALSE
H2afv	chr11	6327228	6344446	BAE	H2afv_11	FALSE
Hbs1l	chr10	21015784	21088695	BAE	Hbs1l_10	FALSE
Hdac2	chr10	36694349	36721694	BAE	Hdac2_10	FALSE
Hdac9	chr12	34732446	35601767	BAE	Hdac9_12	FALSE
Heatr1	chr13	12487641	12531160	BAE	Heatr1_13	FALSE
Heatr2	chr5	NA	NA	BAE	Heatr2_5	FALSE
Heatr5b	chr8	79152245	79234721	rMAE	Heatr5b_8	FALSE
Heatr6	chr11	83567138	83597256	BAE	Heatr6_11	FALSE
Heca	chr10	17620271	17667873	BAE	Heca_10	FALSE
Hectd1	chr12	52844708	52930523	BAE	Hectd1_12	FALSE
Heg1	chr16	33684551	33768281	BAE	Heg1_16	FALSE
Helz	chr11	107409273	107548257	BAE	Helz_11	FALSE
Herc1	chr9	66198256	66356582	BAE	Herc1_9	FALSE
Herc2	chr7	63305524	63487168	rMAE	Herc2_7	FALSE
Herc2	chr7	63305524	63487168	BAE	Herc2_7	TRUE
Herpud2	chr9	24912573	24956280	BAE	Herpud2_9	FALSE
Hiat1	chr3	NA	NA	BAE	Hiat1_3	FALSE
Hiatl1	chr13	NA	NA	rMAE	Hiatl1_13	FALSE
Hibadh	chr6	52496223	52590294	BAE	Hibadh_6	FALSE
Higd1a	chr9	121757677	121767118	BAE	Higd1a_9	FALSE
Hinfp	chr9	44103755	44113754	BAE	Hinfp_9	FALSE
Hip1r	chr5	124423636	124453224	BAE	Hip1r_5	FALSE
Hipk1	chr3	103543737	103595198	BAE	Hipk1_3	FALSE
Hipk3	chr2	104266638	104334646	BAE	Hipk3_2	FALSE
Hk2	chr6	82675020	82724448	rMAE	Hk2_6	FALSE
Hmbox1	chr14	65441054	65568684	BAE	Hmbox1_14	FALSE
Hmgcr	chr13	97418918	97440891	BAE	Hmgcr_13	FALSE
Hmgxb3	chr18	61290930	61336704	BAE	Hmgxb3_18	FALSE
Hmmr	chr11	40514889	40546939	BAE	Hmmr_11	FALSE
Hnf1b	chr11	83664370	83719419	BAE	Hnf1b_11	FALSE
Hnrnpa2b1	chr6	51410433	51419893	BAE	Hnrnpa2b1_6	FALSE
Hnrnpu	chr1	180258430	180267915	rMAE	Hnrnpu_1	FALSE
Hook3	chr8	27131892	27229696	BAE	Hook3_8	FALSE
Hp1bp3	chr4	137772526	137800597	rMAE	Hp1bp3_4	FALSE
Hps4	chr5	112772114	112807444	BAE	Hps4_5	FALSE
Hsd17b12	chr2	93872853	93998066	BAE	Hsd17b12_2	FALSE
Hsd17b7	chr1	171879667	171899336	BAE	Hsd17b7_1	FALSE
Hsp90ab1	chr17	45704726	45710210	BAE	Hsp90ab1_17	FALSE
Hspa13	chr16	75755435	75767063	BAE	Hspa13_16	FALSE
Hspa14	chr2	3406125	3430086	BAE	Hspa14_2	FALSE
Hspbap1	chr16	35770471	35828548	BAE	Hspbap1_16	FALSE
Htt	chr5	35104388	35255183	BAE	Htt_5	FALSE
Htt	chr5	35104388	35255170	rMAE	Htt_5	TRUE
Iars	chr13	49777498	49829636	BAE	Iars_13	FALSE
Iffo1	chr6	125095241	125111800	BAE	Iffo1_6	FALSE
Ifnar2	chr16	91373027	91405832	rMAE	Ifnar2_16	FALSE
Ifngr1	chr10	19311763	19330031	BAE	Ifngr1_10	FALSE
Ifrd2	chr9	107490048	107495369	BAE	Ifrd2_9	FALSE
Igf2bp3	chr6	49035216	49164953	rMAE	Igf2bp3_6	FALSE
Igll1	chr16	16860763	16864078	BAE	Igll1_16	FALSE
Igsf8	chr1	174242537	174249966	rMAE	Igsf8_1	FALSE
Il1rap	chr16	26581790	26717834	rMAE	Il1rap_16	FALSE
Il2ra	chr2	11564418	11614821	rMAE	Il2ra_2	FALSE
Il5ra	chr6	106660372	106699031	BAE	Il5ra_6	FALSE
Il7r	chr15	9435913	9459631	BAE	Il7r_15	FALSE
Impa2	chr18	67448876	67478495	BAE	Impa2_18	FALSE
Impdh1	chr6	29150439	29162271	rMAE	Impdh1_6	FALSE
Incenp	chr19	9946786	9974023	BAE	Incenp_19	FALSE
Ing5	chr1	95700541	95718677	BAE	Ing5_1	FALSE
Ino80	chr2	119198778	119303365	BAE	Ino80_2	FALSE
Ino80d	chr1	63094374	63160841	BAE	Ino80d_1	FALSE
Inpp5f	chr7	135754878	135839950	BAE	Inpp5f_7	FALSE
Inpp5k	chr11	75444521	75462367	BAE	Inpp5k_11	FALSE
Insr	chr8	3150921	3279617	BAE	Insr_8	FALSE
Ints1	chr5	140227235	140251632	BAE	Ints1_5	FALSE
Ints4	chr7	104629465	104689908	BAE	Ints4_7	FALSE
Ints6	chr14	63295164	63379949	BAE	Ints6_14	FALSE
Ints7	chr1	193399514	193447569	BAE	Ints7_1	FALSE
Ints9	chr14	65568881	65658672	BAE	Ints9_14	FALSE
Ipo11	chr13	107584518	107726995	BAE	Ipo11_13	FALSE
Ipo7	chr7	117161938	117198628	BAE	Ipo7_7	FALSE
Ipo9	chr1	137278891	137327068	BAE	Ipo9_1	FALSE
Iqgap1	chr7	87856468	87948217	rMAE	Iqgap1_7	FALSE
Iqgap2	chr13	96397131	96661877	rMAE	Iqgap2_13	FALSE
Ireb2	chr9	54711561	54760341	BAE	Ireb2_9	FALSE
Irf2	chr8	47825098	47932812	BAE	Irf2_8	FALSE
Irf4	chr13	30841126	30858796	BAE	Irf4_13	FALSE
Irs2	chr8	10986963	11008430	BAE	Irs2_8	FALSE
Itch	chr2	154959216	155052591	BAE	Itch_2	FALSE
Itga4	chr2	79095582	79173271	BAE	Itga4_2	FALSE
Itga6	chr2	71624995	71696484	BAE	Itga6_2	FALSE
Itgal	chr7	134439773	134478651	BAE	Itgal_7	FALSE
Itgb1	chr8	131209553	131257479	BAE	Itgb1_8	FALSE
Itpkb	chr1	182260606	182353790	BAE	Itpkb_1	FALSE
Itpr1	chr6	108163089	108501110	BAE	Itpr1_6	FALSE
Itpr2	chr6	146056820	146450745	BAE	Itpr2_6	FALSE
Jmjd1c	chr10	66648497	66719074	rMAE	Jmjd1c_10	FALSE
Kank1	chr19	25311691	25508986	BAE	Kank1_19	FALSE
Kcmf1	chr6	72791107	72849973	BAE	Kcmf1_6	FALSE
Kcnip4	chr5	48780741	49676898	BAE	Kcnip4_5	FALSE
Kcnq5	chr1	21388479	21952731	BAE	Kcnq5_1	FALSE
Kctd5	chr17	24184686	24210452	BAE	Kctd5_17	FALSE
Kdm1b	chr13	47138867	47180648	BAE	Kdm1b_13	FALSE
Kdm2b	chr5	123320680	123439108	BAE	Kdm2b_5	FALSE
Kdm3a	chr6	71538963	71582911	BAE	Kdm3a_6	FALSE
Kidins220	chr12	25659796	25744562	BAE	Kidins220_12	FALSE
Kif11	chr19	37450892	37496349	BAE	Kif11_19	FALSE
Kif13b	chr14	65271367	65425133	BAE	Kif13b_14	FALSE
Kif14	chr1	138364534	138428088	BAE	Kif14_1	FALSE
Kif1c	chr11	70514049	70545472	rMAE	Kif1c_11	FALSE
Kif20b	chr19	34996847	35050221	BAE	Kif20b_19	FALSE
Klhdc1	chr12	70342818	70384948	rMAE	Klhdc1_12	FALSE
Klhdc5	chr6	NA	NA	BAE	Klhdc5_6	FALSE
Klhl12	chr1	136352107	136387450	BAE	Klhl12_1	FALSE
Klhl14	chr18	21708877	21810869	rMAE	Klhl14_18	FALSE
Klhl24	chr16	20097626	20127817	BAE	Klhl24_16	FALSE
Klhl28	chr12	66043426	66066523	BAE	Klhl28_12	FALSE
Klraq1	chr17	NA	NA	BAE	Klraq1_17	FALSE
Kpna4	chr3	68876142	68931014	BAE	Kpna4_3	FALSE
Kpnb1	chr11	97021023	97049206	BAE	Kpnb1_11	FALSE
Krit1	chr5	3803164	3844515	BAE	Krit1_5	FALSE
Ksr2	chr5	117864010	118217997	BAE	Ksr2_5	FALSE
Lace1	chr10	42032390	42198371	BAE	Lace1_10	FALSE
Lamc1	chr1	155066051	155179916	rMAE	Lamc1_1	FALSE
Larp1	chr11	57822565	57875534	BAE	Larp1_11	FALSE
Lax1	chr1	135575605	135586685	BAE	Lax1_1	FALSE
Lbh	chr17	73267644	73291286	BAE	Lbh_17	FALSE
Lcorl	chr5	46088422	46248779	BAE	Lcorl_5	FALSE
Lcp2	chr11	33947200	33992280	rMAE	Lcp2_11	FALSE
Ldha	chr7	54102451	54110997	rMAE	Ldha_7	FALSE
Ldlr	chr9	21528019	21554362	BAE	Ldlr_9	FALSE
Lef1	chr3	130813214	130927275	rMAE	Lef1_3	FALSE
Leo1	chr9	75289330	75314239	BAE	Leo1_9	FALSE
Leprotl1	chr8	35198625	35209793	BAE	Leprotl1_8	FALSE
Letm1	chr5	34084000	34125353	BAE	Letm1_5	FALSE
Lgals3bp	chr11	118254065	118263245	rMAE	Lgals3bp_11	FALSE
Lgmn	chr12	103632307	103677907	rMAE	Lgmn_12	FALSE
Lhfp	chr3	52845468	53065601	rMAE	Lhfp_3	FALSE
Lig3	chr11	82594636	82617776	BAE	Lig3_11	FALSE
Limd1	chr9	123387818	123430670	BAE	Limd1_9	FALSE
Lims1	chr10	57857120	57887439	BAE	Lims1_10	FALSE
Lman1	chr18	66140392	66162289	BAE	Lman1_18	FALSE
Lmbrd2	chr15	9070325	9127206	BAE	Lmbrd2_15	FALSE
Lmf1	chr17	25716118	25799771	BAE	Lmf1_17	FALSE
Lmln	chr16	33062606	33125745	BAE	Lmln_16	FALSE
Lmtk2	chr5	144861304	144949073	BAE	Lmtk2_5	FALSE
Lnpep	chr17	17664686	17761453	rMAE	Lnpep_17	FALSE
Lnx2	chr5	147828230	147888148	BAE	Lnx2_5	FALSE
Loh12cr1	chr6	NA	NA	BAE	Loh12cr1_6	FALSE
Lonp1	chr17	56753721	56766326	BAE	Lonp1_17	FALSE
Lpgat1	chr1	193542273	193608134	BAE	Lpgat1_1	FALSE
Lphn2	chr3	NA	NA	rMAE	Lphn2_3	FALSE
Lpin2	chr17	71553993	71599158	BAE	Lpin2_17	FALSE
Lpp	chr16	24393435	24992664	BAE	Lpp_16	FALSE
Lrch3	chr16	32914185	33016115	BAE	Lrch3_16	FALSE
Lrmp	chr6	145064155	145123448	BAE	Lrmp_6	FALSE
Lrp11	chr10	7309597	7345275	rMAE	Lrp11_10	FALSE
Lrp12	chr15	39702148	39775303	rMAE	Lrp12_15	FALSE
Lrp6	chr6	134396495	134516931	BAE	Lrp6_6	FALSE
Lrpprc	chr17	85104586	85190126	BAE	Lrpprc_17	FALSE
Lrrc59	chr11	94491137	94506530	BAE	Lrrc59_11	FALSE
Lrrc8c	chr5	105948489	106037973	BAE	Lrrc8c_5	FALSE
Lrrc8d	chr5	106128987	106244234	BAE	Lrrc8d_5	FALSE
Lrrcc1	chr3	14533787	14572658	BAE	Lrrcc1_3	FALSE
Lrrfip1	chr1	92950020	93013899	BAE	Lrrfip1_1	FALSE
Lrrfip2	chr9	111020614	111128172	BAE	Lrrfip2_9	FALSE
Lrrk2	chr15	91503654	91646555	BAE	Lrrk2_15	FALSE
Lsg1	chr16	30561454	30587675	BAE	Lsg1_16	FALSE
Lsm11	chr11	45741770	45758437	rMAE	Lsm11_11	FALSE
Lsm12	chr11	102024802	102046570	BAE	Lsm12_11	FALSE
Lsm14b	chr2	179759691	179770166	BAE	Lsm14b_2	FALSE
Luc7l	chr17	26389854	26422451	BAE	Luc7l_17	FALSE
Luc7l2	chr6	38501333	38559470	BAE	Luc7l2_6	FALSE
Luc7l3	chr11	94152452	94183225	BAE	Luc7l3_11	FALSE
Ly6e	chr15	74785480	74790335	rMAE	Ly6e_15	FALSE
Ly75	chr2	60131816	60221288	BAE	Ly75_2	FALSE
Ly86	chr13	37437213	37510905	BAE	Ly86_13	FALSE
Lyn	chr4	3605267	3718759	BAE	Lyn_4	FALSE
Lyplal1	chr1	187911610	187941189	rMAE	Lyplal1_1	FALSE
Lyrm4	chr13	36070665	36209226	BAE	Lyrm4_13	FALSE
Lyrm7	chr11	54652790	54674093	BAE	Lyrm7_11	FALSE
Lysmd3	chr13	81796804	81810889	BAE	Lysmd3_13	FALSE
Lztr1	chr16	17509063	17526423	BAE	Lztr1_16	FALSE
Macf1	chr4	123026875	123361603	BAE	Macf1_4	FALSE
Mad1l1	chr5	140484642	140797506	BAE	Mad1l1_5	FALSE
Malat1	chr19	5795689	5802671	BAE	Malat1_19	FALSE
Malt1	chr18	65590650	65638446	BAE	Malt1_18	FALSE
Maml3	chr3	51491534	51908928	BAE	Maml3_3	FALSE
Man1a	chr10	53625838	53795602	rMAE	Man1a_10	FALSE
Man2a1	chr17	64950988	65104450	BAE	Man2a1_17	FALSE
Map2k3	chr11	60745558	60766305	BAE	Map2k3_11	FALSE
Map2k4	chr11	65501745	65601861	BAE	Map2k4_11	FALSE
Map3k10	chr7	28441393	28459600	BAE	Map3k10_7	FALSE
Map3k5	chr10	19654331	19862556	BAE	Map3k5_10	FALSE
Map4k4	chr1	39957757	40083155	BAE	Map4k4_1	FALSE
Mapk14	chr17	28828286	28885350	BAE	Mapk14_17	FALSE
Mapk8	chr14	34191083	34260344	rMAE	Mapk8_14	FALSE
Mapk8ip3	chr17	25034450	25073922	BAE	Mapk8ip3_17	FALSE
Mapkap1	chr2	34262290	34480478	BAE	Mapkap1_2	FALSE
Mapkapk2	chr1	132950277	132994420	BAE	Mapkapk2_1	FALSE
Mars	chr10	126733276	126748842	BAE	Mars_10	FALSE
Mast1	chr8	87435751	87461252	rMAE	Mast1_8	FALSE
Mbnl1	chr3	60276751	60433672	BAE	Mbnl1_3	FALSE
Mbnl2	chr14	120674890	120830920	BAE	Mbnl2_14	FALSE
Mbtd1	chr11	93747532	93808298	BAE	Mbtd1_11	FALSE
Mcm10	chr2	4911769	4933837	BAE	Mcm10_2	FALSE
Mcm2	chr6	88833467	88848774	BAE	Mcm2_6	FALSE
Mcm3	chr1	20793094	20810294	BAE	Mcm3_1	FALSE
Mcm3ap	chr10	75931715	75978602	BAE	Mcm3ap_10	FALSE
Mcm3ap	chr10	75931715	75978602	rMAE	Mcm3ap_10	TRUE
Mcm5	chr8	77633426	77652338	BAE	Mcm5_8	FALSE
Mcm6	chr1	130228151	130256282	BAE	Mcm6_1	FALSE
Mcm8	chr2	132641876	132669924	BAE	Mcm8_2	FALSE
Mcph1	chr8	18595172	18803188	BAE	Mcph1_8	FALSE
Mdm1	chr10	117578842	117606055	BAE	Mdm1_10	FALSE
Mdn1	chr4	32744093	32862192	BAE	Mdn1_4	FALSE
Med13	chr11	86079216	86171027	rMAE	Med13_11	FALSE
Med13l	chr5	119010727	119215446	BAE	Med13l_5	FALSE
Med20	chr17	47748544	47761367	BAE	Med20_17	FALSE
Med23	chr10	24589791	24633335	BAE	Med23_10	FALSE
Med26	chr8	75018457	75072209	BAE	Med26_8	FALSE
Metap1	chr3	138121923	138152346	BAE	Metap1_3	FALSE
Metap2	chr10	93321234	93353947	BAE	Metap2_10	FALSE
Mfap3	chr11	57332166	57347319	BAE	Mfap3_11	FALSE
Mga	chr2	119722963	119795317	BAE	Mga_2	FALSE
Mgat4a	chr1	37496184	37597861	BAE	Mgat4a_1	FALSE
Micall1	chr15	78939412	78967331	BAE	Micall1_15	FALSE
Midn	chr10	79611034	79621112	rMAE	Midn_10	FALSE
Mier1	chr4	102786994	102838359	BAE	Mier1_4	FALSE
Mki67	chr7	142881470	142908062	BAE	Mki67_7	FALSE
Mki67ip	chr1	NA	NA	BAE	Mki67ip_1	FALSE
Mkl1	chr15	80842710	81021187	BAE	Mkl1_15	FALSE
Mknk2	chr10	80128073	80134721	rMAE	Mknk2_10	FALSE
Mlec	chr5	115592989	115608185	BAE	Mlec_5	FALSE
Mlh1	chr9	111130731	111174112	BAE	Mlh1_9	FALSE
Mll1	chr9	44611437	44689357	BAE	Mll1_9	FALSE
Mll2	chr15	98662099	98701636	BAE	Mll2_15	FALSE
Mll5	chr5	NA	NA	BAE	Mll5_5	FALSE
Mllt1	chr17	57032033	57074811	BAE	Mllt1_17	FALSE
Mmgt2	chr11	62462165	62479861	BAE	Mmgt2_11	FALSE
Mocs1	chr17	49567688	49594755	BAE	Mocs1_17	FALSE
Mon1a	chr9	107790459	107805470	BAE	Mon1a_9	FALSE
Morc2a	chr11	3549496	3590373	rMAE	Morc2a_11	FALSE
Mphosph9	chr5	124700967	124777981	BAE	Mphosph9_5	FALSE
Mr1	chr1	156975007	156993910	BAE	Mr1_1	FALSE
Mrpl22	chr11	57985155	57993082	BAE	Mrpl22_11	FALSE
Mrpl3	chr9	104955597	104979806	rMAE	Mrpl3_9	FALSE
Mrpl39	chr16	84717824	84735547	BAE	Mrpl39_16	FALSE
Mrpl52	chr14	55045745	55048587	BAE	Mrpl52_14	FALSE
Mrps18a	chr17	46247952	46265857	BAE	Mrps18a_17	FALSE
Mrps23	chr11	88007607	88025009	BAE	Mrps23_11	FALSE
Mrps27	chr13	100114740	100185516	BAE	Mrps27_13	FALSE
Mrps35	chr6	146991291	147019424	BAE	Mrps35_6	FALSE
Mrps9	chr1	42908077	42962528	BAE	Mrps9_1	FALSE
Msh2	chr17	88071896	88123053	BAE	Msh2_17	FALSE
Msh5	chr17	35165549	35183690	BAE	Msh5_17	FALSE
Msh6	chr17	88374389	88390232	BAE	Msh6_17	FALSE
Msi2	chr11	88152883	88579543	BAE	Msi2_11	FALSE
Msl1	chr11	98657082	98669173	rMAE	Msl1_11	FALSE
Msl2	chr9	100978450	101007129	BAE	Msl2_9	FALSE
Msr1	chr8	40667053	40728032	rMAE	Msr1_8	FALSE
Msra	chr14	64741457	65074740	BAE	Msra_14	FALSE
Mt1	chr8	96702988	96704227	rMAE	Mt1_8	FALSE
Mta3	chr17	84105502	84214245	BAE	Mta3_17	FALSE
Mtap2	chr1	NA	NA	rMAE	Mtap2_1	FALSE
Mtap4	chr9	NA	NA	rMAE	Mtap4_9	FALSE
Mtap7	chr10	NA	NA	BAE	Mtap7_10	FALSE
Mtap9	chr3	NA	NA	BAE	Mtap9_3	FALSE
Mtdh	chr15	34012473	34072140	BAE	Mtdh_15	FALSE
Mthfd1l	chr10	6179459	6373466	BAE	Mthfd1l_10	FALSE
Mtif2	chr11	29426396	29445447	BAE	Mtif2_11	FALSE
Mtmr12	chr15	12134848	12201995	BAE	Mtmr12_15	FALSE
Mtmr6	chr14	60884041	60921208	BAE	Mtmr6_14	FALSE
Mtss1	chr15	58772788	58913581	BAE	Mtss1_15	FALSE
Mtx3	chr13	93614741	93628185	rMAE	Mtx3_13	FALSE
Mudeng	chr14	NA	NA	rMAE	Mudeng_14	FALSE
Myb	chr10	20844735	20880790	rMAE	Myb_10	FALSE
Mybl2	chr2	162880370	162910423	BAE	Mybl2_2	FALSE
Mycbp2	chr14	103512627	103746017	BAE	Mycbp2_14	FALSE
Myh9	chr15	77591018	77672545	BAE	Myh9_15	FALSE
Myl10	chr5	137169015	137176964	BAE	Myl10_5	FALSE
Mylip	chr13	45485110	45507309	BAE	Mylip_13	FALSE
Myo10	chr15	25552304	25743426	rMAE	Myo10_15	FALSE
Myo1c	chr11	75465651	75488136	BAE	Myo1c_11	FALSE
Myo1e	chr9	70055156	70247874	rMAE	Myo1e_9	FALSE
Myo9b	chr8	73796612	73884611	BAE	Myo9b_8	FALSE
Myst2	chr11	NA	NA	BAE	Myst2_11	FALSE
Myst3	chr8	NA	NA	BAE	Myst3_8	FALSE
Naa16	chr14	79734313	79790475	BAE	Naa16_14	FALSE
Naa30	chr14	49791920	49810563	BAE	Naa30_14	FALSE
Naa35	chr13	59686693	59736142	rMAE	Naa35_13	FALSE
Naf1	chr8	69384115	69414463	BAE	Naf1_8	FALSE
Nampt	chr12	33505199	33538234	BAE	Nampt_12	FALSE
Nap1l1	chr10	110910247	110933942	BAE	Nap1l1_10	FALSE
Nbas	chr12	13275932	13590617	BAE	Nbas_12	FALSE
Ncapd2	chr6	125118024	125141604	BAE	Ncapd2_6	FALSE
Ncapg	chr5	46061163	46091786	BAE	Ncapg_5	FALSE
Ncapg2	chr12	117643874	117702004	BAE	Ncapg2_12	FALSE
Ncaph	chr2	126929545	126959690	BAE	Ncaph_2	FALSE
Nckap1l	chr15	103284255	103329231	BAE	Nckap1l_15	FALSE
Ncl	chr1	88241293	88256030	BAE	Ncl_1	FALSE
Ncoa2	chr1	13129239	13364164	BAE	Ncoa2_1	FALSE
Ncoa3	chr2	165818136	165898742	BAE	Ncoa3_2	FALSE
Ncoa4	chr14	32973072	32993041	BAE	Ncoa4_14	FALSE
Ncoa6	chr2	155216391	155266519	BAE	Ncoa6_2	FALSE
Ncor1	chr11	62129927	62252017	BAE	Ncor1_11	FALSE
Ncor2	chr5	125497522	125659584	BAE	Ncor2_5	FALSE
Ndst1	chr18	60845629	60873043	BAE	Ndst1_18	FALSE
Necab3	chr2	154370140	154384589	BAE	Necab3_2	FALSE
Nedd1	chr10	92147489	92185163	BAE	Nedd1_10	FALSE
Nedd4	chr9	72510153	72597655	BAE	Nedd4_9	FALSE
Nedd4	chr9	72510153	72597655	rMAE	Nedd4_9	TRUE
Nedd4l	chr18	65047409	65377480	BAE	Nedd4l_18	FALSE
Nedd9	chr13	41405284	41582689	rMAE	Nedd9_13	FALSE
Neil3	chr8	54672220	54724419	BAE	Neil3_8	FALSE
Nek2	chr1	193645351	193656928	BAE	Nek2_1	FALSE
Nf1	chr11	79153393	79395111	BAE	Nf1_11	FALSE
Nfat5	chr8	109817369	109903417	BAE	Nfat5_8	FALSE
Nfatc1	chr18	80802943	80909810	BAE	Nfatc1_18	FALSE
Nfe2l2	chr2	75513569	75542720	BAE	Nfe2l2_2	FALSE
Nfyc	chr4	120430039	120504184	BAE	Nfyc_4	FALSE
Nin	chr12	71119726	71213022	BAE	Nin_12	FALSE
Nipa2	chr7	63186635	63217863	BAE	Nipa2_7	FALSE
Nipsnap3b	chr4	53024795	53034931	rMAE	Nipsnap3b_4	FALSE
Nisch	chr14	31984113	32020012	BAE	Nisch_14	FALSE
Nkiras1	chr14	19103649	19116514	BAE	Nkiras1_14	FALSE
Nktr	chr9	121628298	121665959	BAE	Nktr_9	FALSE
Nlrc5	chr8	96996662	97051172	BAE	Nlrc5_8	FALSE
Nme7	chr1	166237802	166367431	BAE	Nme7_1	FALSE
Nnt	chr13	120123123	120197818	BAE	Nnt_13	FALSE
Nob1	chr8	109936388	109948938	BAE	Nob1_8	FALSE
Nol10	chr12	17355298	17436901	BAE	Nol10_12	FALSE
Nol8	chr13	49748446	49774385	BAE	Nol8_13	FALSE
Nolc1	chr19	46150352	46160020	BAE	Nolc1_19	FALSE
Nop56	chr2	130100147	130105049	BAE	Nop56_2	FALSE
Nov	chr15	54577482	54585316	rMAE	Nov_15	FALSE
Noxo1	chr17	24833178	24837474	BAE	Noxo1_17	FALSE
Npat	chr9	53345151	53383732	BAE	Npat_9	FALSE
Nploc4	chr11	120241111	120299014	BAE	Nploc4_11	FALSE
Nptn	chr9	58430046	58500686	BAE	Nptn_9	FALSE
Nr1d2	chr14	19036569	19071620	BAE	Nr1d2_14	FALSE
Nr3c1	chr18	39570198	39646899	BAE	Nr3c1_18	FALSE
Nr3c1	chr18	39570198	39646899	rMAE	Nr3c1_18	TRUE
Nras	chr3	102862207	102871837	BAE	Nras_3	FALSE
Nrip1	chr16	76291106	76373294	BAE	Nrip1_16	FALSE
Nrxn2	chr19	6418737	6533217	rMAE	Nrxn2_19	FALSE
Nsa2	chr13	97899381	97907881	BAE	Nsa2_13	FALSE
Nsd1	chr13	55311142	55419686	BAE	Nsd1_13	FALSE
Nsf	chr11	103683096	103815370	BAE	Nsf_11	FALSE
Nsg1	chr5	38528431	38550706	BAE	Nsg1_5	FALSE
Nt5dc3	chr10	86241749	86301134	rMAE	Nt5dc3_10	FALSE
Ntng2	chr2	29050245	29103619	rMAE	Ntng2_2	FALSE
Nubp1	chr16	10412030	10424518	BAE	Nubp1_16	FALSE
Nubp2	chr17	25019555	25023295	BAE	Nubp2_17	FALSE
Nucks1	chr1	133807034	133832898	BAE	Nucks1_1	FALSE
Nudt4	chr10	95009640	95026801	rMAE	Nudt4_10	FALSE
Nuf2	chr1	171428064	171461595	BAE	Nuf2_1	FALSE
Nufip2	chr11	77499640	77531468	BAE	Nufip2_11	FALSE
Numa1	chr7	109118356	109163473	BAE	Numa1_7	FALSE
Nup153	chr13	46775270	46823218	BAE	Nup153_13	FALSE
Nup188	chr2	30141952	30199782	BAE	Nup188_2	FALSE
Nup205	chr6	35127615	35197598	rMAE	Nup205_6	FALSE
Nup210	chr6	90963060	91066820	BAE	Nup210_6	FALSE
Nup50	chr15	84753857	84773393	BAE	Nup50_15	FALSE
Nvl	chr1	183023553	183074288	BAE	Nvl_1	FALSE
Nxf1	chr19	8831592	8845400	BAE	Nxf1_19	FALSE
Nxn	chr11	76070727	76212643	BAE	Nxn_11	FALSE
Obfc2a	chr1	NA	NA	rMAE	Obfc2a_1	FALSE
Ociad1	chr5	73684032	73705316	BAE	Ociad1_5	FALSE
Odc1	chr12	17551678	17558308	BAE	Odc1_12	FALSE
Ogfrl1	chr1	23373262	23390014	rMAE	Ogfrl1_1	FALSE
Opa3	chr7	19813737	19832166	BAE	Opa3_7	FALSE
Opa3	chr7	19813737	19832166	rMAE	Opa3_7	TRUE
Orai1	chr5	123465082	123480461	BAE	Orai1_5	FALSE
Osbpl2	chr2	179854070	179897385	BAE	Osbpl2_2	FALSE
Osbpl8	chr10	110601857	110734303	BAE	Osbpl8_10	FALSE
Otub2	chr12	104615103	104644560	BAE	Otub2_12	FALSE
Otud4	chr8	82163574	82201654	BAE	Otud4_8	FALSE
Oxct1	chr15	3976427	4105344	BAE	Oxct1_15	FALSE
Oxsr1	chr9	119147550	119231545	rMAE	Oxsr1_9	FALSE
Pabpc1	chr15	36525412	36538728	BAE	Pabpc1_15	FALSE
Pacrgl	chr5	48763630	48779995	BAE	Pacrgl_5	FALSE
Pacs1	chr19	5133684	5273119	BAE	Pacs1_19	FALSE
Pacs2	chr12	114252718	114312612	BAE	Pacs2_12	FALSE
Pafah1b1	chr11	74487450	74537886	BAE	Pafah1b1_11	FALSE
Pag1	chr3	9687481	9833679	rMAE	Pag1_3	FALSE
Paics	chr5	77380435	77396531	BAE	Paics_5	FALSE
Paip2	chr18	35758320	35776839	BAE	Paip2_18	FALSE
Pan3	chr5	148242155	148360077	BAE	Pan3_5	FALSE
Pank1	chr19	34881425	34953945	BAE	Pank1_19	FALSE
Papd4	chr13	93917354	93962238	BAE	Papd4_13	FALSE
Papd5	chr8	90723111	90783621	BAE	Papd5_8	FALSE
Papss1	chr3	131227731	131306635	rMAE	Papss1_3	FALSE
Pard6g	chr18	80243633	80316379	rMAE	Pard6g_18	FALSE
Parp1	chr1	182499105	182531385	BAE	Parp1_1	FALSE
Parp11	chr6	127403740	127444257	BAE	Parp11_6	FALSE
Parp6	chr9	59465090	59498097	BAE	Parp6_9	FALSE
Parp8	chr13	117643630	117814323	BAE	Parp8_13	FALSE
Paxip1	chr5	28066620	28118090	BAE	Paxip1_5	FALSE
Pbrm1	chr14	31832323	31934778	BAE	Pbrm1_14	FALSE
Pbxip1	chr3	89240625	89254874	BAE	Pbxip1_3	FALSE
Pcf11	chr7	99792221	99818422	BAE	Pcf11_7	FALSE
Pck2	chr14	56159102	56168854	BAE	Pck2_14	FALSE
Pcmtd1	chr1	7079000	7163709	BAE	Pcmtd1_1	FALSE
Pdcd11	chr19	47165255	47205635	BAE	Pdcd11_19	FALSE
Pde2a	chr7	108570204	108661343	BAE	Pde2a_7	FALSE
Pde3b	chr7	121558767	121681451	BAE	Pde3b_7	FALSE
Pde7a	chr3	19123108	19211322	BAE	Pde7a_3	FALSE
Pde8a	chr7	88358689	88478508	BAE	Pde8a_7	FALSE
Pde8b	chr13	95794059	96020259	rMAE	Pde8b_13	FALSE
Pdlim5	chr3	141902548	142058660	BAE	Pdlim5_3	FALSE
Pdpk1	chr17	24210646	24287889	BAE	Pdpk1_17	FALSE
Pdss2	chr10	42941291	43184688	BAE	Pdss2_10	FALSE
Pdxdc1	chr16	13833665	13903238	BAE	Pdxdc1_16	FALSE
Pdzd2	chr15	12286808	12522311	rMAE	Pdzd2_15	FALSE
Pelo	chr13	115878562	115880366	rMAE	Pelo_13	FALSE
Pepd	chr7	35697425	35829727	BAE	Pepd_7	FALSE
Pet112l	chr3	NA	NA	BAE	Pet112l_3	FALSE
Pex13	chr11	23546478	23565935	BAE	Pex13_11	FALSE
Pex3	chr10	13243647	13272948	BAE	Pex3_10	FALSE
Pfkfb3	chr2	11393057	11423717	rMAE	Pfkfb3_2	FALSE
Pgm3	chr9	86446082	86465449	BAE	Pgm3_9	FALSE
Phactr2	chr10	12927522	13194202	BAE	Phactr2_10	FALSE
Phb2	chr6	124662306	124666963	BAE	Phb2_6	FALSE
Phf14	chr6	11875880	12031198	BAE	Phf14_6	FALSE
Phf15	chr11	NA	NA	BAE	Phf15_11	FALSE
Phf17	chr3	NA	NA	BAE	Phf17_3	FALSE
Phf20	chr2	156022382	156135689	BAE	Phf20_2	FALSE
Phf21a	chr2	92024338	92204823	BAE	Phf21a_2	FALSE
Phf5a	chr15	81694945	81702322	BAE	Phf5a_15	FALSE
Phip	chr9	82759765	82869096	rMAE	Phip_9	FALSE
Phlpp1	chr1	108068445	108290822	BAE	Phlpp1_1	FALSE
Phxr4	chr9	13234580	13235960	BAE	Phxr4_9	FALSE
Pias1	chr9	62727883	62828686	BAE	Pias1_9	FALSE
Pias2	chr18	77303946	77394447	rMAE	Pias2_18	FALSE
Pigm	chr1	174306661	174314230	BAE	Pigm_1	FALSE
Pign	chr1	107414998	107560253	BAE	Pign_1	FALSE
Pigp	chr16	94580369	94591937	rMAE	Pigp_16	FALSE
Pik3ap1	chr19	41348707	41459560	BAE	Pik3ap1_19	FALSE
Pik3c2b	chr1	134942588	135005265	BAE	Pik3c2b_1	FALSE
Pik3c3	chr18	30432549	30507774	BAE	Pik3c3_18	FALSE
Pik3cg	chr12	32858261	32893514	BAE	Pik3cg_12	FALSE
Pip4k2a	chr2	18763882	18919748	BAE	Pip4k2a_2	FALSE
Pip4k2c	chr10	126634122	126648678	BAE	Pip4k2c_10	FALSE
Pisd	chr5	33078961	33128275	BAE	Pisd_5	FALSE
Pitpnc1	chr11	107069205	107332034	BAE	Pitpnc1_11	FALSE
Pkd1	chr17	24686894	24733459	BAE	Pkd1_17	FALSE
Pkn1	chr8	86193660	86223078	BAE	Pkn1_8	FALSE
Pkn2	chr3	142453865	142544968	BAE	Pkn2_3	FALSE
Pla2g6	chr15	79116657	79158801	rMAE	Pla2g6_15	FALSE
Plcg1	chr2	160557045	160601496	BAE	Plcg1_2	FALSE
Plcg2	chr8	120022190	120159042	BAE	Plcg2_8	FALSE
Plcl2	chr17	50648871	50827819	BAE	Plcl2_17	FALSE
Pldn	chr2	NA	NA	BAE	Pldn_2	FALSE
Plek	chr11	16871208	16908721	rMAE	Plek_11	FALSE
Plekha2	chr8	26149616	26212283	BAE	Plekha2_8	FALSE
Plekhb1	chr7	107792409	107810908	BAE	Plekhb1_7	FALSE
Plekhg3	chr12	77634546	77680026	BAE	Plekhg3_12	FALSE
Plekhm3	chr1	64835694	65003398	BAE	Plekhm3_1	FALSE
Plod2	chr9	92437060	92503265	rMAE	Plod2_9	FALSE
Plxna1	chr6	89266307	89312607	BAE	Plxna1_6	FALSE
Pml	chr9	58064986	58097593	BAE	Pml_9	FALSE
Pnn	chr12	60167905	60175004	BAE	Pnn_12	FALSE
Pnpo	chr11	96799129	96805333	BAE	Pnpo_11	FALSE
Pofut1	chr2	153067267	153095985	BAE	Pofut1_2	FALSE
Poglut1	chr16	38525263	38550266	rMAE	Poglut1_16	FALSE
Pogz	chr3	94641488	94687489	BAE	Pogz_3	FALSE
Polb	chr8	23738590	23763909	BAE	Polb_8	FALSE
Pold3	chr7	107230622	107270010	BAE	Pold3_7	FALSE
Poldip3	chr15	82956407	82979766	BAE	Poldip3_15	FALSE
Pole	chr5	110715337	110766472	BAE	Pole_5	FALSE
Pole	chr5	110715337	110766472	rMAE	Pole_5	TRUE
Polh	chr17	46308941	46339574	BAE	Polh_17	FALSE
Poln	chr5	34349827	34512175	rMAE	Poln_5	FALSE
Polr1a	chr6	71859046	71929355	BAE	Polr1a_6	FALSE
Polr2a	chr11	69547911	69571725	BAE	Polr2a_11	FALSE
Polrmt	chr10	79198869	79209326	rMAE	Polrmt_10	FALSE
Pom121	chr5	135852009	135870416	rMAE	Pom121_5	FALSE
Ppargc1a	chr5	51845487	51958964	rMAE	Ppargc1a_5	FALSE
Ppargc1b	chr18	61457789	61560085	BAE	Ppargc1b_18	FALSE
Ppfia1	chr7	151662659	151739634	BAE	Ppfia1_7	FALSE
Ppip5k2	chr1	99602622	99666669	BAE	Ppip5k2_1	FALSE
Ppp1r12a	chr10	107599455	107714631	BAE	Ppp1r12a_10	FALSE
Ppp1r12b	chr1	136662519	136852517	BAE	Ppp1r12b_1	FALSE
Ppp1r15b	chr1	135027742	135036377	BAE	Ppp1r15b_1	FALSE
Ppp1r16a	chr15	76502109	76525345	BAE	Ppp1r16a_15	FALSE
Ppp1r16b	chr2	158492468	158592070	BAE	Ppp1r16b_2	FALSE
Ppp1r1a	chr15	103360709	103368423	BAE	Ppp1r1a_15	FALSE
Ppp2cb	chr8	34710092	34730276	BAE	Ppp2cb_8	FALSE
Ppp2r4	chr2	30271569	30303327	BAE	Ppp2r4_2	FALSE
Ppp2r5a	chr1	193175859	193220920	BAE	Ppp2r5a_1	FALSE
Ppp3ca	chr3	136333029	136600691	BAE	Ppp3ca_3	FALSE
Ppp6r1	chr7	4583096	4610552	BAE	Ppp6r1_7	FALSE
Pprc1	chr19	46131028	46147399	BAE	Pprc1_19	FALSE
Prep	chr10	44787019	44878801	BAE	Prep_10	FALSE
Prex1	chr2	166391844	166539332	BAE	Prex1_2	FALSE
Prkacb	chr3	146392542	146475910	BAE	Prkacb_3	FALSE
Prkag2	chr5	24368552	24606460	rMAE	Prkag2_5	FALSE
Prkar2b	chr12	32643343	32746144	BAE	Prkar2b_12	FALSE
Prkca	chr11	107794700	108205202	BAE	Prkca_11	FALSE
Prkce	chr17	86567124	87057259	BAE	Prkce_17	FALSE
Prkch	chr12	74686027	74879171	rMAE	Prkch_12	FALSE
Prkd3	chr17	79348744	79420156	rMAE	Prkd3_17	FALSE
Prnp	chr2	131735663	131764167	BAE	Prnp_2	FALSE
Prpf8	chr11	75300278	75322949	BAE	Prpf8_11	FALSE
Prps1l3	chr12	58331398	58343155	BAE	Prps1l3_12	FALSE
Prpsap2	chr11	61543151	61575590	BAE	Prpsap2_11	FALSE
Prrc2b	chr2	32006667	32090057	BAE	Prrc2b_2	FALSE
Prrc2c	chr1	164601915	164670687	BAE	Prrc2c_1	FALSE
Psat1	chr19	15979612	15999112	BAE	Psat1_19	FALSE
Psd4	chr2	24240916	24264249	BAE	Psd4_2	FALSE
Psmb7	chr2	38443565	38499426	BAE	Psmb7_2	FALSE
Psmd1	chr1	87961193	88035870	BAE	Psmd1_1	FALSE
Psmd14	chr2	61549750	61638433	BAE	Psmd14_2	FALSE
Ptbp2	chr3	119421659	119486306	rMAE	Ptbp2_3	FALSE
Ptcd2	chr13	100089603	100114633	BAE	Ptcd2_13	FALSE
Ptger1	chr8	86190538	86194002	BAE	Ptger1_8	FALSE
Ptpn1	chr2	167757826	167804885	BAE	Ptpn1_2	FALSE
Ptpn2	chr18	67825154	67884275	BAE	Ptpn2_18	FALSE
Ptpn22	chr3	103663717	103716175	BAE	Ptpn22_3	FALSE
Ptpn7	chr1	137029301	137041897	BAE	Ptpn7_1	FALSE
Ptpn9	chr9	56842774	56910614	BAE	Ptpn9_9	FALSE
Ptpra	chr2	130276013	130380036	BAE	Ptpra_2	FALSE
Ptprcap	chr19	4154645	4156710	BAE	Ptprcap_19	FALSE
Ptpre	chr7	142729506	142877977	rMAE	Ptpre_7	FALSE
Ptprj	chr2	90273045	90420804	BAE	Ptprj_2	FALSE
Ptprs	chr17	56551848	56615903	BAE	Ptprs_17	FALSE
Pum2	chr12	8680939	8759389	BAE	Pum2_12	FALSE
Pxmp3	chr3	NA	NA	BAE	Pxmp3_3	FALSE
Qsox2	chr2	26064643	26092919	BAE	Qsox2_2	FALSE
Qtrtd1	chr16	43861525	43889789	BAE	Qtrtd1_16	FALSE
R3hdm1	chr1	129999882	130134312	BAE	R3hdm1_1	FALSE
R3hdm2	chr10	126827366	126936440	BAE	R3hdm2_10	FALSE
Rab11b	chr17	33879428	33897431	BAE	Rab11b_17	FALSE
Rab28	chr5	42016211	42099418	BAE	Rab28_5	FALSE
Rab3gap1	chr1	129765349	129840453	BAE	Rab3gap1_1	FALSE
Rab43	chr6	87738846	87761773	BAE	Rab43_6	FALSE
Rab6	chr7	NA	NA	BAE	Rab6_7	FALSE
Rab8b	chr9	66691470	66767512	BAE	Rab8b_9	FALSE
Rabep1	chr11	70658262	70756607	BAE	Rabep1_11	FALSE
Rabgap1	chr2	37298804	37421957	BAE	Rabgap1_2	FALSE
Rac1	chr5	144266348	144288861	BAE	Rac1_5	FALSE
Rad21	chr15	51794149	51823306	BAE	Rad21_15	FALSE
Rad51ap1	chr6	126873436	126889573	BAE	Rad51ap1_6	FALSE
Rad51l1	chr12	NA	NA	BAE	Rad51l1_12	FALSE
Rad52	chr6	119852715	119872841	BAE	Rad52_6	FALSE
Rad54l2	chr9	106590410	106691544	BAE	Rad54l2_9	FALSE
Rae1	chr2	172825617	172841240	BAE	Rae1_2	FALSE
Rag1	chr2	101478410	101489689	rMAE	Rag1_2	FALSE
Rai1	chr11	59918514	60012697	BAE	Rai1_11	FALSE
Ralbp1	chr17	66197768	66235095	BAE	Ralbp1_17	FALSE
Raly	chr3	154616845	154692997	BAE	Raly_3	FALSE
Ranbp2	chr10	57909599	57956902	rMAE	Ranbp2_10	FALSE
Ranbp3	chr17	56812647	56851192	BAE	Ranbp3_17	FALSE
Ranbp9	chr13	43498041	43576342	BAE	Ranbp9_13	FALSE
Rap1gds1	chr3	138588860	138738165	BAE	Rap1gds1_3	FALSE
Rapgef1	chr2	29475239	29595883	rMAE	Rapgef1_2	FALSE
Rapgef4	chr2	71819271	72095531	rMAE	Rapgef4_2	FALSE
Rasa1	chr13	85354303	85429091	BAE	Rasa1_13	FALSE
Rasa3	chr8	13567217	13677587	BAE	Rasa3_8	FALSE
Rasgrp2	chr19	6400582	6415216	BAE	Rasgrp2_19	FALSE
Rasgrp4	chr7	29919951	29938974	rMAE	Rasgrp4_7	FALSE
Rassf3	chr10	120847406	120913306	BAE	Rassf3_10	FALSE
Rassf5	chr1	133072986	133141755	BAE	Rassf5_1	FALSE
Rb1	chr14	73595308	73725598	BAE	Rb1_14	FALSE
Rbbp4	chr4	128984343	129012614	BAE	Rbbp4_4	FALSE
Rbbp6	chr7	130114077	130146086	BAE	Rbbp6_7	FALSE
Rbl1	chr2	156971629	157030270	BAE	Rbl1_2	FALSE
Rbm17	chr2	11507065	11524826	BAE	Rbm17_2	FALSE
Rbm25	chr12	84973183	85024073	BAE	Rbm25_12	FALSE
Rbm26	chr14	105513735	105576544	BAE	Rbm26_14	FALSE
Rbm38	chr2	172847402	172860232	BAE	Rbm38_2	FALSE
Rbm5	chr9	107642825	107673333	BAE	Rbm5_9	FALSE
Rbm6	chr9	107675890	107775150	BAE	Rbm6_9	FALSE
Rbms3	chr9	116481863	117539031	rMAE	Rbms3_9	FALSE
Rc3h2	chr2	37225590	37278423	BAE	Rc3h2_2	FALSE
Rcor1	chr12	112278008	112351597	BAE	Rcor1_12	FALSE
Rcsd1	chr1	167579075	167638225	BAE	Rcsd1_1	FALSE
Rdx	chr9	51856045	51896843	BAE	Rdx_9	FALSE
Reep3	chr10	66471936	66559736	rMAE	Reep3_10	FALSE
Rell1	chr5	64300136	64360136	BAE	Rell1_5	FALSE
Reps1	chr10	17775745	17844961	rMAE	Reps1_10	FALSE
Rexo1	chr10	80003670	80024305	rMAE	Rexo1_10	FALSE
Rexo2	chr9	48276618	48288716	BAE	Rexo2_9	FALSE
Rfc1	chr5	65653090	65726878	BAE	Rfc1_5	FALSE
Rftn1	chr17	50132631	50329822	BAE	Rftn1_17	FALSE
Rfwd2	chr1	161162456	161277711	BAE	Rfwd2_1	FALSE
Rfx7	chr9	72380046	72470756	BAE	Rfx7_9	FALSE
Rgl1	chr1	154364659	154472241	BAE	Rgl1_1	FALSE
Rgs1	chr1	146091798	146096234	BAE	Rgs1_1	FALSE
Rgs12	chr5	35292096	35376242	BAE	Rgs12_5	FALSE
Rgs18	chr1	146599970	146622551	rMAE	Rgs18_1	FALSE
Rhoh	chr5	66254807	66287939	BAE	Rhoh_5	FALSE
Ric8b	chr10	84380357	84481082	BAE	Ric8b_10	FALSE
Rif1	chr2	51928356	51977901	BAE	Rif1_2	FALSE
Rin3	chr12	103521283	103629064	BAE	Rin3_12	FALSE
Riok1	chr13	38128857	38153302	BAE	Riok1_13	FALSE
Ripk1	chr13	34094742	34127039	BAE	Ripk1_13	FALSE
Rnaseh2a	chr8	87480508	87489910	BAE	Rnaseh2a_8	FALSE
Rnf10	chr5	115691778	115722904	BAE	Rnf10_5	FALSE
Rnf13	chr3	57539983	57639347	BAE	Rnf13_3	FALSE
Rnf149	chr1	39608143	39634192	BAE	Rnf149_1	FALSE
Rnf167	chr11	70460788	70464916	BAE	Rnf167_11	FALSE
Rnf169	chr7	107068764	107128968	BAE	Rnf169_7	FALSE
Rnf187	chr11	58745789	58752408	rMAE	Rnf187_11	FALSE
Rnf219	chr14	104876750	104921883	BAE	Rnf219_14	FALSE
Rnf24	chr2	131124223	131178628	BAE	Rnf24_2	FALSE
Rnf41	chr10	127848671	127878497	BAE	Rnf41_10	FALSE
Rngtt	chr4	33397285	33589589	BAE	Rngtt_4	FALSE
Rock1	chr18	10064398	10181790	rMAE	Rock1_18	FALSE
Rock2	chr12	16901783	16995080	BAE	Rock2_12	FALSE
Rpe	chr1	66747404	66766379	BAE	Rpe_1	FALSE
Rpl13	chr8	125626249	125629142	BAE	Rpl13_8	FALSE
Rpl19	chr11	97888237	97891807	BAE	Rpl19_11	FALSE
Rpl28	chr7	4744566	4746149	BAE	Rpl28_7	FALSE
Rpl4	chr9	64021193	64026369	BAE	Rpl4_9	FALSE
Rpl7	chr1	16091375	16094514	rMAE	Rpl7_1	FALSE
Rpl7a	chr2	26766326	26768831	BAE	Rpl7a_2	FALSE
Rpn1	chr6	88034466	88055298	rMAE	Rpn1_6	FALSE
Rpn2	chr2	157104833	157152054	BAE	Rpn2_2	FALSE
Rps15a	chr7	125247889	125259661	rMAE	Rps15a_7	FALSE
Rps2	chr17	24857007	24858872	BAE	Rps2_17	FALSE
Rps6ka5	chr12	101787987	101963238	BAE	Rps6ka5_12	FALSE
Rpsa	chr9	120036883	120041487	rMAE	Rpsa_9	FALSE
Rptor	chr11	119464218	119760905	rMAE	Rptor_11	FALSE
Rras2	chr7	121190295	121261295	BAE	Rras2_7	FALSE
Rrbp1	chr2	143773130	143836999	BAE	Rrbp1_2	FALSE
Rreb1	chr13	37918780	38043871	BAE	Rreb1_13	FALSE
Rrm1	chr7	109590208	109618285	BAE	Rrm1_7	FALSE
Rsad1	chr11	94401111	94410521	BAE	Rsad1_11	FALSE
Rsbn1	chr3	103718042	103770543	BAE	Rsbn1_3	FALSE
Rsbn1l	chr5	20398841	20457640	BAE	Rsbn1l_5	FALSE
Rsf1	chr7	104728405	104841292	BAE	Rsf1_7	FALSE
Rsu1	chr2	12998593	13193042	BAE	Rsu1_2	FALSE
Rtn3	chr19	7500384	7557781	BAE	Rtn3_19	FALSE
Rtn4ip1	chr10	43621612	43667668	rMAE	Rtn4ip1_10	FALSE
Runx1	chr16	92601710	92826319	BAE	Runx1_16	FALSE
Rybp	chr6	100178558	100237352	rMAE	Rybp_6	FALSE
Sacm1l	chr9	123438999	123501716	BAE	Sacm1l_9	FALSE
Sacs	chr14	61757293	61859530	BAE	Sacs_14	FALSE
Safb	chr17	56724404	56745717	BAE	Safb_17	FALSE
Safb2	chr17	56702364	56724006	BAE	Safb2_17	FALSE
Samm50	chr15	84022662	84044733	BAE	Samm50_15	FALSE
Samsn1	chr16	75859038	75909511	BAE	Samsn1_16	FALSE
Sar1a	chr10	61143068	61156045	rMAE	Sar1a_10	FALSE
Sarnp	chr10	128258826	128314694	BAE	Sarnp_10	FALSE
Sbk1	chr7	133416132	133438513	rMAE	Sbk1_7	FALSE
Scaf11	chr15	96242128	96291274	BAE	Scaf11_15	FALSE
Scaper	chr9	55397689	55785922	BAE	Scaper_9	FALSE
Scarb2	chr5	92870336	92934683	BAE	Scarb2_5	FALSE
Scd2	chr19	44368165	44381352	BAE	Scd2_19	FALSE
Scfd1	chr12	52478499	52551089	rMAE	Scfd1_12	FALSE
Scfd2	chr5	74600840	74927767	BAE	Scfd2_5	FALSE
Sclt1	chr3	41430626	41546436	BAE	Sclt1_3	FALSE
Scn4a	chr11	106179906	106210704	BAE	Scn4a_11	FALSE
Scpep1	chr11	88785333	88816756	BAE	Scpep1_11	FALSE
Scyl3	chr1	165859230	165885257	BAE	Scyl3_1	FALSE
Sdad1	chr5	92713035	92739050	BAE	Sdad1_5	FALSE
Sdc4	chr2	164249746	164268688	BAE	Sdc4_2	FALSE
Sdccag8	chr1	178744790	178950563	BAE	Sdccag8_1	FALSE
Sdha	chr13	74459702	74487688	rMAE	Sdha_13	FALSE
Sdha	chr13	74459702	74487688	BAE	Sdha_13	TRUE
Sec11a	chr7	88060264	88092436	BAE	Sec11a_7	FALSE
Sec23ip	chr7	135888383	135928349	BAE	Sec23ip_7	FALSE
Sec24d	chr3	122970413	123068554	rMAE	Sec24d_3	FALSE
Sec31a	chr5	100790667	100845253	BAE	Sec31a_5	FALSE
Secisbp2l	chr2	125562721	125608606	BAE	Secisbp2l_2	FALSE
Seh1l	chr18	67934529	67955141	BAE	Seh1l_18	FALSE
Sept2	chr1	95375637	95406309	BAE	Sept2_1	FALSE
Serbp1	chr6	67216972	67239296	BAE	Serbp1_6	FALSE
Serinc1	chr10	57235581	57252335	rMAE	Serinc1_10	FALSE
Sertad2	chr11	20443255	20553026	BAE	Sertad2_11	FALSE
Setd1b	chr5	123592201	123618639	BAE	Setd1b_5	FALSE
Setd2	chr9	110435100	110521137	BAE	Setd2_9	FALSE
Setd3	chr12	109344640	109417494	BAE	Setd3_12	FALSE
Setd7	chr3	51319239	51364745	BAE	Setd7_3	FALSE
Setx	chr2	28980511	29037991	BAE	Setx_2	FALSE
Sf1	chr19	6363689	6378038	BAE	Sf1_19	FALSE
Sf3a1	chr11	4060356	4082544	rMAE	Sf3a1_11	FALSE
Sf3b1	chr1	55042012	55084322	BAE	Sf3b1_1	FALSE
Sfpi1	chr2	NA	NA	BAE	Sfpi1_2	FALSE
Sft2d1	chr17	8503967	8520307	BAE	Sft2d1_17	FALSE
Sft2d2	chr1	167104471	167124564	BAE	Sft2d2_1	FALSE
Sgol2	chr1	58052817	58083121	BAE	Sgol2_1	FALSE
Sgpl1	chr10	60561389	60610432	BAE	Sgpl1_10	FALSE
Sh3bgrl2	chr9	83441944	83493898	rMAE	Sh3bgrl2_9	FALSE
Sh3bp2	chr5	34868432	34906288	BAE	Sh3bp2_5	FALSE
Sh3glb1	chr3	144346641	144383299	BAE	Sh3glb1_3	FALSE
Sh3rf1	chr8	63702967	63874869	BAE	Sh3rf1_8	FALSE
Shfm1	chr6	6508274	6528658	BAE	Shfm1_6	FALSE
Shmt2	chr10	126954178	126959500	rMAE	Shmt2_10	FALSE
Shoc2	chr19	54018795	54107768	BAE	Shoc2_19	FALSE
Sik2	chr9	50700905	50817178	BAE	Sik2_9	FALSE
Sil1	chr18	35426049	35658579	BAE	Sil1_18	FALSE
Sipa1l1	chr12	83271002	83552771	BAE	Sipa1l1_12	FALSE
Sirpa	chr2	129418574	129457964	rMAE	Sirpa_2	FALSE
Ska1	chr18	74354952	74367472	BAE	Ska1_18	FALSE
Slain2	chr5	73305555	73370067	BAE	Slain2_5	FALSE
Slbp	chr5	33982703	33995223	BAE	Slbp_5	FALSE
Slc12a6	chr2	112106470	112203320	BAE	Slc12a6_2	FALSE
Slc12a7	chr13	73901144	73954190	rMAE	Slc12a7_13	FALSE
Slc16a1	chr3	104442590	104462385	BAE	Slc16a1_3	FALSE
Slc16a6	chr11	109312169	109334910	BAE	Slc16a6_11	FALSE
Slc22a5	chr11	53678043	53705205	BAE	Slc22a5_11	FALSE
Slc25a37	chr14	69859907	69903160	BAE	Slc25a37_14	FALSE
Slc30a4	chr2	122506968	122528399	rMAE	Slc30a4_2	FALSE
Slc30a7	chr3	115641890	115710324	BAE	Slc30a7_3	FALSE
Slc30a9	chr5	67698193	67747381	BAE	Slc30a9_5	FALSE
Slc35a3	chr3	116373715	116415198	BAE	Slc35a3_3	FALSE
Slc35a5	chr16	45139685	45158786	BAE	Slc35a5_16	FALSE
Slc35b3	chr13	39024008	39052744	BAE	Slc35b3_13	FALSE
Slc37a3	chr6	39284769	39327706	BAE	Slc37a3_6	FALSE
Slc38a1	chr15	96401848	96472393	BAE	Slc38a1_15	FALSE
Slc38a2	chr15	96517822	96530129	BAE	Slc38a2_15	FALSE
Slc38a9	chr13	113450973	113528960	rMAE	Slc38a9_13	FALSE
Slc39a10	chr1	46864388	46910354	BAE	Slc39a10_1	FALSE
Slc39a9	chr12	81745201	81784329	BAE	Slc39a9_12	FALSE
Slc4a7	chr14	15535538	15632457	BAE	Slc4a7_14	FALSE
Slc4a8	chr15	100592177	100654402	rMAE	Slc4a8_15	FALSE
Slc7a1	chr5	149138985	149211480	BAE	Slc7a1_5	FALSE
Slc7a5	chr8	124405045	124431586	BAE	Slc7a5_8	FALSE
Slc7a5	chr8	124405045	124431586	rMAE	Slc7a5_8	TRUE
Slc9a9	chr9	94570310	95130871	rMAE	Slc9a9_9	FALSE
Slfn2	chr11	82878613	82884180	BAE	Slfn2_11	FALSE
Slmap	chr14	27232660	27353226	BAE	Slmap_14	FALSE
Sltm	chr9	70390676	70440039	BAE	Sltm_9	FALSE
Slu7	chr11	43247232	43261483	BAE	Slu7_11	FALSE
Smad2	chr18	76401354	76471401	BAE	Smad2_18	FALSE
Smad3	chr9	63494573	63605801	rMAE	Smad3_9	FALSE
Smad4	chr18	73798666	73863395	BAE	Smad4_18	FALSE
Smap1	chr1	23852463	23929220	BAE	Smap1_1	FALSE
Smarca2	chr19	26679649	26852811	rMAE	Smarca2_19	FALSE
Smarca4	chr9	21420612	21508674	BAE	Smarca4_9	FALSE
Smarcal1	chr1	72629824	72683364	BAE	Smarcal1_1	FALSE
Smarcc1	chr9	110034527	110142682	BAE	Smarcc1_9	FALSE
Smc4	chr3	68808893	68838545	BAE	Smc4_3	FALSE
Smc5	chr19	23280930	23348387	BAE	Smc5_19	FALSE
Smc6	chr12	11272691	11326591	BAE	Smc6_12	FALSE
Smchd1	chr17	71693833	71824683	BAE	Smchd1_17	FALSE
Smek1	chr12	102277618	102321912	BAE	Smek1_12	FALSE
Smek2	chr11	29072906	29120797	BAE	Smek2_11	FALSE
Smg1	chr7	125274825	125387151	BAE	Smg1_7	FALSE
Smg5	chr3	88140181	88166259	BAE	Smg5_3	FALSE
Smg6	chr11	74739373	74977950	BAE	Smg6_11	FALSE
Smurf1	chr5	145637363	145726699	rMAE	Smurf1_5	FALSE
Smyd3	chr1	180885169	181448134	BAE	Smyd3_1	FALSE
Snap29	chr16	17406092	17430919	BAE	Snap29_16	FALSE
Snd1	chr6	28430347	28838832	BAE	Snd1_6	FALSE
Snrnp200	chr2	127034139	127066187	BAE	Snrnp200_2	FALSE
Snrpf	chr10	93045773	93052403	BAE	Snrpf_10	FALSE
Snx1	chr9	65935933	65972693	BAE	Snx1_9	FALSE
Snx2	chr18	53336018	53380514	BAE	Snx2_18	FALSE
Snx29	chr16	11322996	11755566	BAE	Snx29_16	FALSE
Snx30	chr4	59818521	59917612	BAE	Snx30_4	FALSE
Snx5	chr2	144075858	144096638	BAE	Snx5_2	FALSE
Son	chr16	91648068	91679437	BAE	Son_16	FALSE
Spag1	chr15	36109284	36164932	BAE	Spag1_15	FALSE
Spag5	chr11	78115092	78135956	BAE	Spag5_11	FALSE
Spata5	chr3	37318871	37478018	BAE	Spata5_3	FALSE
Spata7	chr12	99866351	99908029	BAE	Spata7_12	FALSE
Spcs3	chr8	55605786	55615351	BAE	Spcs3_8	FALSE
Spen	chr4	141023804	141094512	BAE	Spen_4	FALSE
Spg21	chr9	65308743	65336277	BAE	Spg21_9	FALSE
Spg7	chr8	125589407	125621651	BAE	Spg7_8	FALSE
Spn	chr7	134277215	134281331	BAE	Spn_7	FALSE
Spna2	chr2	NA	NA	BAE	Spna2_2	FALSE
Sppl3	chr5	115461532	115548799	BAE	Sppl3_5	FALSE
Spred1	chr2	116947185	117005072	BAE	Spred1_2	FALSE
Spred2	chr11	19824444	19922600	BAE	Spred2_11	FALSE
Spry1	chr3	37538871	37543521	rMAE	Spry1_3	FALSE
Spry1	chr3	37538868	37543521	BAE	Spry1_3	TRUE
Sptlc1	chr13	53428118	53472730	BAE	Sptlc1_13	FALSE
Srd5a1	chr13	69712326	69750341	BAE	Srd5a1_13	FALSE
Srp72	chr5	77403725	77428960	BAE	Srp72_5	FALSE
Srpk2	chr5	23009173	23122389	BAE	Srpk2_5	FALSE
Srpr	chr9	35018787	35024588	BAE	Srpr_9	FALSE
Srrm2	chr17	23940153	23961710	BAE	Srrm2_17	FALSE
Ssbp2	chr13	91600701	91845780	BAE	Ssbp2_13	FALSE
Ssbp3	chr4	106584074	106722299	BAE	Ssbp3_4	FALSE
Ssfa2	chr2	79475581	79513121	BAE	Ssfa2_2	FALSE
Ssh2	chr11	77029926	77273721	BAE	Ssh2_11	FALSE
St13	chr15	81195473	81230124	BAE	St13_15	FALSE
St3gal3	chr4	117604757	117807551	BAE	St3gal3_4	FALSE
St7	chr6	17643993	17893023	BAE	St7_6	FALSE
St8sia4	chr1	97484258	97564171	BAE	St8sia4_1	FALSE
Stambpl1	chr19	34266759	34314818	BAE	Stambpl1_19	FALSE
Stap1	chr5	86500770	86533025	BAE	Stap1_5	FALSE
Stard4	chr18	33361074	33373470	BAE	Stard4_18	FALSE
Stard7	chr2	127095964	127124670	BAE	Stard7_2	FALSE
Stat3	chr11	100748119	100800854	BAE	Stat3_11	FALSE
Stat5b	chr11	100642044	100711899	rMAE	Stat5b_11	FALSE
Stc2	chr11	31259440	31270061	rMAE	Stc2_11	FALSE
Stim1	chr7	109416337	109585369	BAE	Stim1_7	FALSE
Stk11	chr10	79578547	79593430	BAE	Stk11_10	FALSE
Stk3	chr15	34805253	35085561	BAE	Stk3_15	FALSE
Stk4	chr2	163899913	163981257	BAE	Stk4_2	FALSE
Strbp	chr2	37425387	37502805	BAE	Strbp_2	FALSE
Strn	chr17	79053303	79135900	BAE	Strn_17	FALSE
Strn4	chr7	17401237	17426280	BAE	Strn4_7	FALSE
Stt3b	chr9	115151699	115219539	BAE	Stt3b_9	FALSE
Stx12	chr4	132409978	132440373	BAE	Stx12_4	FALSE
Stx16	chr2	173902551	173925272	BAE	Stx16_2	FALSE
Stx18	chr5	38430468	38529008	BAE	Stx18_5	FALSE
Stx2	chr5	129490432	129514447	BAE	Stx2_5	FALSE
Stx6	chr1	157005832	157050647	rMAE	Stx6_1	FALSE
Sub1	chr15	11911093	11925762	BAE	Sub1_15	FALSE
Suclg2	chr6	95423002	95668840	BAE	Suclg2_6	FALSE
Sufu	chr19	46471385	46563294	rMAE	Sufu_19	FALSE
Sumf1	chr6	108057014	108135577	BAE	Sumf1_6	FALSE
Supt16h	chr14	NA	NA	rMAE	Supt16h_14	FALSE
Supt7l	chr5	31816941	31829135	BAE	Supt7l_5	FALSE
Svil	chr18	5046586	5119291	rMAE	Svil_18	FALSE
Syk	chr13	52692250	52744161	BAE	Syk_13	FALSE
Sympk	chr7	19609725	19639971	BAE	Sympk_7	FALSE
Syne2	chr12	76919304	77211915	rMAE	Syne2_12	FALSE
Syngr2	chr11	117670980	117675600	rMAE	Syngr2_11	FALSE
Synj1	chr16	90936341	91011553	BAE	Synj1_16	FALSE
Sypl	chr12	33639050	33664367	BAE	Sypl_12	FALSE
Syvn1	chr19	6046575	6053718	BAE	Syvn1_19	FALSE
Tacc1	chr8	26265023	26311921	BAE	Tacc1_8	FALSE
Taf5	chr19	47142237	47157969	BAE	Taf5_19	FALSE
Tagln2	chr1	174430376	174437506	BAE	Tagln2_1	FALSE
Tanc1	chr2	59450098	59684270	BAE	Tanc1_2	FALSE
Taok3	chr5	117570137	117725107	BAE	Taok3_5	FALSE
Tap1	chr17	34324500	34334170	BAE	Tap1_17	FALSE
Tars	chr15	11313417	11329413	BAE	Tars_15	FALSE
Tasp1	chr2	139659214	139892541	BAE	Tasp1_2	FALSE
Tbc1d1	chr5	64551498	64742725	BAE	Tbc1d1_5	FALSE
Tbc1d14	chr5	36833252	36928875	BAE	Tbc1d14_5	FALSE
Tbc1d15	chr10	114634926	114688549	BAE	Tbc1d15_10	FALSE
Tbc1d16	chr11	119004356	119089813	BAE	Tbc1d16_11	FALSE
Tbc1d22a	chr15	86044888	86328933	BAE	Tbc1d22a_15	FALSE
Tbc1d23	chr16	57168976	57231579	BAE	Tbc1d23_16	FALSE
Tbc1d5	chr17	50872451	51318677	BAE	Tbc1d5_17	FALSE
Tbc1d9b	chr11	49944861	49986287	BAE	Tbc1d9b_11	FALSE
Tbca	chr13	95558897	95612854	BAE	Tbca_13	FALSE
Tbcd	chr11	121313262	121478484	BAE	Tbcd_11	FALSE
Tbcel	chr9	42220399	42280309	BAE	Tbcel_9	FALSE
Tbck	chr3	132347107	132504652	BAE	Tbck_3	FALSE
Tbk1	chr10	120983512	121023850	BAE	Tbk1_10	FALSE
Tbl3	chr17	24837597	24844598	BAE	Tbl3_17	FALSE
Tcea1	chr1	4847774	4887990	BAE	Tcea1_1	FALSE
Tcerg1	chr18	42671140	42735439	BAE	Tcerg1_18	FALSE
Tcf12	chr9	71692058	71959626	BAE	Tcf12_9	FALSE
Tcf20	chr15	82639054	82742564	BAE	Tcf20_15	FALSE
Tcf3	chr10	79871909	79896398	rMAE	Tcf3_10	FALSE
Tcf7l2	chr19	55816299	56008145	BAE	Tcf7l2_19	FALSE
Tcof1	chr18	60973409	61008618	BAE	Tcof1_18	FALSE
Tdp1	chr12	101122724	101193426	BAE	Tdp1_12	FALSE
Tdrd3	chr14	87816389	87945315	BAE	Tdrd3_14	FALSE
Tec	chr5	73146956	73259687	BAE	Tec_5	FALSE
Tex264	chr9	106561076	106588283	BAE	Tex264_9	FALSE
Tgfb1	chr7	26472020	26490015	rMAE	Tgfb1_7	FALSE
Tgfb3	chr12	87397692	87419991	rMAE	Tgfb3_12	FALSE
Tgfbr3	chr5	107535588	107718614	rMAE	Tgfbr3_5	FALSE
Th1l	chr2	NA	NA	BAE	Th1l_2	FALSE
Thada	chr17	84589395	84865548	BAE	Thada_17	FALSE
Thap3	chr4	151356746	151363095	rMAE	Thap3_4	FALSE
Thrap3	chr4	125841326	125879954	BAE	Thrap3_4	FALSE
Tiam1	chr16	89787355	89974944	rMAE	Tiam1_16	FALSE
Tifa	chr3	127492830	127501307	BAE	Tifa_3	FALSE
Tifab	chr13	56275063	56280246	rMAE	Tifab_13	FALSE
Timeless	chr10	127669118	127689997	rMAE	Timeless_10	FALSE
Timm44	chr8	4259730	4275905	BAE	Timm44_8	FALSE
Tiparp	chr3	65332368	65359440	BAE	Tiparp_3	FALSE
Tiprl	chr1	167142416	167167089	rMAE	Tiprl_1	FALSE
Tle3	chr9	61220172	61266304	rMAE	Tle3_9	FALSE
Tlk2	chr11	105040120	105145273	BAE	Tlk2_11	FALSE
Tmco7	chr8	NA	NA	BAE	Tmco7_8	FALSE
Tmed10	chr12	86681563	86715667	BAE	Tmed10_12	FALSE
Tmed7	chr18	46745581	46757189	BAE	Tmed7_18	FALSE
Tmem108	chr9	103385265	103664167	rMAE	Tmem108_9	FALSE
Tmem110	chr14	31638779	31690396	BAE	Tmem110_14	FALSE
Tmem123	chr9	7764076	7794332	BAE	Tmem123_9	FALSE
Tmem127	chr2	127073710	127086500	BAE	Tmem127_2	FALSE
Tmem131	chr1	36849033	36996372	BAE	Tmem131_1	FALSE
Tmem132e	chr11	82202401	82259829	rMAE	Tmem132e_11	FALSE
Tmem135	chr7	96288230	96487297	rMAE	Tmem135_7	FALSE
Tmem14c	chr13	41111618	41117951	BAE	Tmem14c_13	FALSE
Tmem167	chr13	90229271	90254526	BAE	Tmem167_13	FALSE
Tmem170b	chr13	41701584	41736726	BAE	Tmem170b_13	FALSE
Tmem175	chr5	109058828	109076789	BAE	Tmem175_5	FALSE
Tmem2	chr19	21852829	21932850	BAE	Tmem2_19	FALSE
Tmem201	chr4	149089483	149112177	BAE	Tmem201_4	FALSE
Tmem209	chr6	30431232	30459706	BAE	Tmem209_6	FALSE
Tmem65	chr15	58613823	58654982	BAE	Tmem65_15	FALSE
Tmem87b	chr2	128644038	128679997	BAE	Tmem87b_2	FALSE
Tmod3	chr9	75345590	75407464	BAE	Tmod3_9	FALSE
Tmppe	chr9	114310212	114320319	rMAE	Tmppe_9	FALSE
Tmtc4	chr14	123318196	123382483	BAE	Tmtc4_14	FALSE
Tnfaip3	chr10	18720716	18735216	rMAE	Tnfaip3_10	FALSE
Tnfrsf19	chr14	61582670	61665692	rMAE	Tnfrsf19_14	FALSE
Tnfrsf21	chr17	43153503	43226137	rMAE	Tnfrsf21_17	FALSE
Tnfrsf26	chr7	150793589	150813750	rMAE	Tnfrsf26_7	FALSE
Tnks	chr8	35892232	36028744	BAE	Tnks_8	FALSE
Tnks2	chr19	36908721	36967967	BAE	Tnks2_19	FALSE
Tnpo1	chr13	99612035	99696339	BAE	Tnpo1_13	FALSE
Tnpo2	chr8	87561066	87581481	BAE	Tnpo2_8	FALSE
Tnrc6a	chr7	130267398	130338810	BAE	Tnrc6a_7	FALSE
Tnrc6b	chr15	80541742	80771516	BAE	Tnrc6b_15	FALSE
Tnrc6c	chr11	117515602	117624753	BAE	Tnrc6c_11	FALSE
Tom1	chr8	77557584	77594020	BAE	Tom1_8	FALSE
Top1	chr2	160471632	160548499	BAE	Top1_2	FALSE
Top2a	chr11	98854260	98885503	rMAE	Top2a_11	FALSE
Top2b	chr14	17197719	17263301	BAE	Top2b_14	FALSE
Topbp1	chr9	103207656	103252757	BAE	Topbp1_9	FALSE
Tpm4	chr8	74659190	74677028	BAE	Tpm4_8	FALSE
Tpp2	chr1	43990851	44059816	BAE	Tpp2_1	FALSE
Tpr	chr1	152239967	152297065	BAE	Tpr_1	FALSE
Tpra1	chr6	88852244	88862234	BAE	Tpra1_6	FALSE
Tpx2	chr2	152673699	152721057	BAE	Tpx2_2	FALSE
Traf3ip1	chr1	93391244	93425884	BAE	Traf3ip1_1	FALSE
Traf6	chr2	101518596	101541131	BAE	Traf6_2	FALSE
Trak2	chr1	58957293	59030326	BAE	Trak2_1	FALSE
Trappc9	chr15	72420049	72891634	BAE	Trappc9_15	FALSE
Trib3	chr2	152163160	152169796	rMAE	Trib3_2	FALSE
Trim25	chr11	88860716	88881607	rMAE	Trim25_11	FALSE
Trim26	chr17	36974090	36996343	BAE	Trim26_17	FALSE
Trim27	chr13	21271799	21286592	BAE	Trim27_13	FALSE
Trim28	chr7	13609500	13616381	BAE	Trim28_7	FALSE
Trim35	chr14	66915861	66930261	BAE	Trim35_14	FALSE
Trim44	chr2	102140275	102241057	BAE	Trim44_2	FALSE
Trim59	chr3	68839215	68848664	BAE	Trim59_3	FALSE
Trip11	chr12	103075581	103151381	BAE	Trip11_12	FALSE
Trove2	chr1	145597920	145624181	BAE	Trove2_1	FALSE
Trp53bp1	chr2	121020570	121097143	BAE	Trp53bp1_2	FALSE
Trps1	chr15	50486304	50721587	rMAE	Trps1_15	FALSE
Tsc22d4	chr5	138187196	138209681	BAE	Tsc22d4_5	FALSE
Tsn	chr1	120195094	120207709	BAE	Tsn_1	FALSE
Tspan13	chr12	36741141	36769065	BAE	Tspan13_12	FALSE
Ttc13	chr8	127195226	127245875	BAE	Ttc13_8	FALSE
Ttc14	chr3	33699116	33715556	BAE	Ttc14_3	FALSE
Ttc17	chr2	94140922	94246846	BAE	Ttc17_2	FALSE
Ttc3	chr16	94592345	94690828	rMAE	Ttc3_16	FALSE
Ttc7b	chr12	101538979	101759032	BAE	Ttc7b_12	FALSE
Ttf1	chr2	28915782	28943170	BAE	Ttf1_2	FALSE
Ttf2	chr3	100742782	100773586	BAE	Ttf2_3	FALSE
Ttll12	chr15	83405523	83425587	BAE	Ttll12_15	FALSE
Ttll5	chr12	87165899	87394710	BAE	Ttll5_12	FALSE
Ttpal	chr2	163428049	163444749	BAE	Ttpal_2	FALSE
Ttyh3	chr5	141096531	141124985	BAE	Ttyh3_5	FALSE
Tubb5	chr17	35970864	35975246	BAE	Tubb5_17	FALSE
Tubgcp3	chr8	12614276	12672100	BAE	Tubgcp3_8	FALSE
Tug1	chr11	3539796	3548811	rMAE	Tug1_11	FALSE
Tusc3	chr8	40068920	40250468	BAE	Tusc3_8	FALSE
Twistnb	chr12	34114488	34124245	BAE	Twistnb_12	FALSE
Twsg1	chr17	66272404	66300527	rMAE	Twsg1_17	FALSE
Txndc5	chr13	38592139	38620693	BAE	Txndc5_13	FALSE
Txnl1	chr18	63822454	63852013	BAE	Txnl1_18	FALSE
Tyk2	chr9	20908511	20935719	BAE	Tyk2_9	FALSE
U2surp	chr9	95357312	95412415	BAE	U2surp_9	FALSE
Uba2	chr7	34925715	34953548	BAE	Uba2_7	FALSE
Uba5	chr9	103948917	103965451	BAE	Uba5_9	FALSE
Ubac2	chr14	122277827	122420257	BAE	Ubac2_14	FALSE
Ube2e1	chr14	19115242	19164358	BAE	Ube2e1_14	FALSE
Ube2f	chr1	93146895	93182602	rMAE	Ube2f_1	FALSE
Ube2i	chr17	25397455	25411255	BAE	Ube2i_17	FALSE
Ube2n	chr10	94977795	95008292	BAE	Ube2n_10	FALSE
Ube4a	chr9	44731209	44773683	BAE	Ube4a_9	FALSE
Ubl3	chr5	149316206	149364364	BAE	Ubl3_5	FALSE
Ublcp1	chr11	44268072	44284050	BAE	Ublcp1_11	FALSE
Ubn2	chr6	38383924	38462763	BAE	Ubn2_6	FALSE
Ubr1	chr2	120686011	120796451	BAE	Ubr1_2	FALSE
Ubr2	chr17	47065239	47147481	BAE	Ubr2_17	FALSE
Ubr5	chr15	37897082	38008609	BAE	Ubr5_15	FALSE
Ubr7	chr12	103996184	104015911	BAE	Ubr7_12	FALSE
Ubxn4	chr1	130140757	130175954	BAE	Ubxn4_1	FALSE
Uchl5	chr1	145624407	145654596	BAE	Uchl5_1	FALSE
Uck2	chr1	169156216	169215258	BAE	Uck2_1	FALSE
Uggt1	chr1	36196872	36301147	BAE	Uggt1_1	FALSE
Uhmk1	chr1	172129386	172145524	BAE	Uhmk1_1	FALSE
Umps	chr16	33955097	33967089	rMAE	Umps_16	FALSE
Umps	chr16	33955097	33967089	BAE	Umps_16	TRUE
Uqcc	chr2	NA	NA	BAE	Uqcc_2	FALSE
Uqcrc2	chr7	127778702	127803037	BAE	Uqcrc2_7	FALSE
Urb2	chr8	126547372	126572404	rMAE	Urb2_8	FALSE
Usf2	chr7	31730266	31741822	BAE	Usf2_7	FALSE
Uso1	chr5	92566963	92631821	BAE	Uso1_5	FALSE
Usp18	chr6	121195923	121220935	BAE	Usp18_6	FALSE
Usp19	chr9	108393006	108404030	BAE	Usp19_9	FALSE
Usp25	chr16	77014313	77117025	BAE	Usp25_16	FALSE
Usp32	chr11	84797989	84953457	BAE	Usp32_11	FALSE
Usp37	chr1	74482083	74590860	BAE	Usp37_1	FALSE
Usp38	chr8	83504631	83538805	BAE	Usp38_8	FALSE
Uspl1	chr5	149996135	150027010	BAE	Uspl1_5	FALSE
Utp18	chr11	93720556	93747080	BAE	Utp18_11	FALSE
Utp20	chr10	88209351	88289559	BAE	Utp20_10	FALSE
Utrn	chr10	12101985	12581533	BAE	Utrn_10	FALSE
Uvrag	chr7	106035252	106289654	BAE	Uvrag_7	FALSE
Vcpip1	chr1	9708702	9738463	BAE	Vcpip1_1	FALSE
Vezt	chr10	93424266	93498544	rMAE	Vezt_10	FALSE
Vldlr	chr19	27291509	27328721	rMAE	Vldlr_19	FALSE
Vprbp	chr9	106724306	106783323	BAE	Vprbp_9	FALSE
Vps13a	chr19	16689855	16855423	BAE	Vps13a_19	FALSE
Vps13b	chr15	35301300	35860984	BAE	Vps13b_15	FALSE
Vps18	chr2	119114477	119124189	BAE	Vps18_2	FALSE
Vps33b	chr7	87414540	87436465	BAE	Vps33b_7	FALSE
Vps41	chr13	18809160	18958680	BAE	Vps41_13	FALSE
Vps53	chr11	75859727	75993132	BAE	Vps53_11	FALSE
Vps54	chr11	21138891	21221136	BAE	Vps54_11	FALSE
Vrk2	chr11	26371401	26493920	BAE	Vrk2_11	FALSE
Vti1a	chr19	55390546	55701951	BAE	Vti1a_19	FALSE
Vwa8	chr14	79248984	79602117	BAE	Vwa8_14	FALSE
Wars	chr12	110098239	110132384	rMAE	Wars_12	FALSE
Wbp7	chr7	NA	NA	BAE	Wbp7_7	FALSE
Wdfy2	chr14	63456526	63575723	BAE	Wdfy2_14	FALSE
Wdfy3	chr5	102261971	102498940	rMAE	Wdfy3_5	FALSE
Wdfy4	chr14	33772732	33998252	BAE	Wdfy4_14	FALSE
Wdr20a	chr12	NA	NA	BAE	Wdr20a_12	FALSE
Wdr33	chr18	31963710	32068641	BAE	Wdr33_18	FALSE
Wdr7	chr18	63868348	64149413	BAE	Wdr7_18	FALSE
Wdr75	chr1	45852345	45880458	BAE	Wdr75_1	FALSE
Wdr76	chr2	121332458	121370595	BAE	Wdr76_2	FALSE
Wfs1	chr5	37357342	37380221	BAE	Wfs1_5	FALSE
Whsc1	chr5	34185760	34240615	rMAE	Whsc1_5	FALSE
Whsc1	chr5	34185760	34219932	BAE	Whsc1_5	TRUE
Whsc1l1	chr8	26750755	26830139	BAE	Whsc1l1_8	FALSE
Wipf1	chr2	73267673	73367467	BAE	Wipf1_2	FALSE
Wnk1	chr6	119873986	119988673	BAE	Wnk1_6	FALSE
Wrn	chr8	34344844	34495999	BAE	Wrn_8	FALSE
Wwox	chr8	116963551	117876612	BAE	Wwox_8	FALSE
Xpnpep3	chr15	81230617	81285318	rMAE	Xpnpep3_15	FALSE
Xpo5	chr17	46339803	46379248	rMAE	Xpo5_17	FALSE
Xpot	chr10	121024435	121063372	rMAE	Xpot_10	FALSE
Xpot	chr10	121024435	121063372	BAE	Xpot_10	TRUE
Xpr1	chr1	157122786	157264574	BAE	Xpr1_1	FALSE
Xrcc2	chr5	25195633	25211615	rMAE	Xrcc2_5	FALSE
Xrcc4	chr13	89988518	90229213	BAE	Xrcc4_13	FALSE
Xrn1	chr9	95855178	95958225	BAE	Xrn1_9	FALSE
Yeats2	chr16	20141135	20232646	BAE	Yeats2_16	FALSE
Ythdc2	chr18	44988318	45049374	BAE	Ythdc2_18	FALSE
Ywhab	chr2	163820932	163844323	BAE	Ywhab_2	FALSE
Ywhae	chr11	75546388	75579343	BAE	Ywhae_11	FALSE
Ywhag	chr5	136384248	136410511	BAE	Ywhag_5	FALSE
Ywhaz	chr15	36700015	36726684	BAE	Ywhaz_15	FALSE
Zbtb10	chr3	9250566	9285332	rMAE	Zbtb10_3	FALSE
Zbtb7a	chr10	80599015	80614402	rMAE	Zbtb7a_10	FALSE
Zc3h13	chr14	75684179	75744233	BAE	Zc3h13_14	FALSE
Zc3h4	chr7	16986544	17023045	BAE	Zc3h4_7	FALSE
Zc3h7a	chr16	11136686	11176486	BAE	Zc3h7a_16	FALSE
Zcchc2	chr1	107886982	107930654	BAE	Zcchc2_1	FALSE
Zcchc6	chr13	59873239	59924508	BAE	Zcchc6_13	FALSE
Zdhhc14	chr17	5492599	5753891	BAE	Zdhhc14_17	FALSE
Zdhhc17	chr10	110378835	110447122	BAE	Zdhhc17_10	FALSE
Zdhhc5	chr2	84528076	84555321	BAE	Zdhhc5_2	FALSE
Zeb2	chr2	44839031	44968799	BAE	Zeb2_2	FALSE
Zfc3h1	chr10	114822014	114869827	BAE	Zfc3h1_10	FALSE
Zfhx2	chr14	55680495	55710885	BAE	Zfhx2_14	FALSE
Zfp146	chr7	30946286	30954746	BAE	Zfp146_7	FALSE
Zfp161	chr17	NA	NA	BAE	Zfp161_17	FALSE
Zfp26	chr9	20232761	20264604	BAE	Zfp26_9	FALSE
Zfp277	chr12	41041632	41172377	BAE	Zfp277_12	FALSE
Zfp282	chr6	47827553	47858483	rMAE	Zfp282_6	FALSE
Zfp292	chr4	34750358	34830197	BAE	Zfp292_4	FALSE
Zfp326	chr5	106305586	106344837	BAE	Zfp326_5	FALSE
Zfp35	chr18	24148134	24163872	BAE	Zfp35_18	FALSE
Zfp367	chr13	64234364	64254507	BAE	Zfp367_13	FALSE
Zfp39	chr11	58701654	58717727	BAE	Zfp39_11	FALSE
Zfp398	chr6	47785659	47818256	BAE	Zfp398_6	FALSE
Zfp407	chr18	84377093	84758896	BAE	Zfp407_18	FALSE
Zfp445	chr9	122758027	122775124	BAE	Zfp445_9	FALSE
Zfp498	chr5	NA	NA	BAE	Zfp498_5	FALSE
Zfp516	chr18	83080270	83174706	rMAE	Zfp516_18	FALSE
Zfp518a	chr19	40969194	40992437	rMAE	Zfp518a_19	FALSE
Zfp592	chr7	88138569	88190048	BAE	Zfp592_7	FALSE
Zfp60	chr7	28516427	28536708	BAE	Zfp60_7	FALSE
Zfp608	chr18	55047698	55149834	BAE	Zfp608_18	FALSE
Zfp609	chr9	65539389	65675371	BAE	Zfp609_9	FALSE
Zfp646	chr7	135021214	135029510	BAE	Zfp646_7	FALSE
Zfp655	chr5	145992627	146008175	BAE	Zfp655_5	FALSE
Zfp664	chr5	125343074	125369000	BAE	Zfp664_5	FALSE
Zfp69	chr4	120602741	120624306	rMAE	Zfp69_4	FALSE
Zfp710	chr7	87169699	87237637	BAE	Zfp710_7	FALSE
Zfp760	chr17	21844707	21862603	rMAE	Zfp760_17	FALSE
Zfp775	chr6	48563178	48573226	rMAE	Zfp775_6	FALSE
Zfp790	chr7	30601090	30617061	BAE	Zfp790_7	FALSE
Zfp81	chr17	33470672	33495823	BAE	Zfp81_17	FALSE
Zfp871	chr17	32902441	32925232	BAE	Zfp871_17	FALSE
Zfpm1	chr8	124806040	124861147	BAE	Zfpm1_8	FALSE
Zfyve16	chr13	93257703	93300765	BAE	Zfyve16_13	FALSE
Zfyve26	chr12	80333333	80397269	BAE	Zfyve26_12	FALSE
Zhx2	chr15	57526221	57671387	BAE	Zhx2_15	FALSE
Zkscan1	chr5	138526311	138549050	rMAE	Zkscan1_5	FALSE
Zmym2	chr14	57506631	57581416	BAE	Zmym2_14	FALSE
Zmynd11	chr13	9684081	9764560	BAE	Zmynd11_13	FALSE
Zmynd8	chr2	165609651	165710251	rMAE	Zmynd8_2	FALSE
Znrf1	chr8	114060539	114149930	BAE	Znrf1_8	FALSE
Zranb3	chr1	129850755	129999624	BAE	Zranb3_1	FALSE
Zwint	chr10	72117593	72137712	BAE	Zwint_10	FALSE
Zzef1	chr11	72609727	72740622	BAE	Zzef1_11	FALSE
Zzz3	chr3	152058966	152125790	BAE	Zzz3_3	FALSE
1110007A13Rik	chr7	NA	NA	BAE	1110007A13Rik_7	FALSE
1110020P15Rik	chr11	NA	NA	BAE	1110020P15Rik_11	FALSE
1200014M14Rik	chr13	NA	NA	BAE	1200014M14Rik_13	FALSE
2900010M23Rik	chr17	NA	NA	BAE	2900010M23Rik_17	FALSE
9130404D08Rik	chr8	NA	NA	BAE	9130404D08Rik_8	FALSE
Arl9	chr5	77433079	77438502	BAE	Arl9_5	FALSE
BC027344	chr7	NA	NA	BAE	BC027344_7	FALSE
BC059842	chr4	NA	NA	BAE	BC059842_4	FALSE
Cerkl	chr2	79172647	79269145	rMAE	Cerkl_2	FALSE
Ctbp1	chr5	33590371	33617653	BAE	Ctbp1_5	FALSE
Cugbp1	chr2	NA	NA	BAE	Cugbp1_2	FALSE
D330038O06Rik	chr8	NA	NA	BAE	D330038O06Rik_8	FALSE
Dyrk4	chr6	126826216	126871857	rMAE	Dyrk4_6	FALSE
EG240055	chr17	NA	NA	BAE	EG240055_17	FALSE
Eif3j	chr2	NA	NA	BAE	Eif3j_2	FALSE
Eif3m	chr2	104839813	104857184	BAE	Eif3m_2	FALSE
Herc5	chr6	NA	NA	BAE	Herc5_6	FALSE
Ippk	chr13	49516591	49558429	BAE	Ippk_13	FALSE
Iyd	chr10	6791663	6806262	rMAE	Iyd_10	FALSE
Kynu	chr2	43410844	43538568	BAE	Kynu_2	FALSE
Mare	chr11	NA	NA	BAE	Mare_11	FALSE
Nacc1	chr8	87194377	87211761	BAE	Nacc1_8	FALSE
Ndufa7	chr17	33961516	33975261	BAE	Ndufa7_17	FALSE
Pols	chr13	NA	NA	BAE	Pols_13	FALSE
Ptplb	chr16	NA	NA	BAE	Ptplb_16	FALSE
Rap1b	chr10	117251652	117283030	BAE	Rap1b_10	FALSE
Saps3	chr19	NA	NA	BAE	Saps3_19	FALSE
Sf4	chr8	NA	NA	BAE	Sf4_8	FALSE
Sfrs11	chr3	NA	NA	BAE	Sfrs11_3	FALSE
Sfrs15	chr16	NA	NA	BAE	Sfrs15_16	FALSE
Suhw4	chr9	NA	NA	BAE	Suhw4_9	FALSE
Unc84a	chr5	NA	NA	BAE	Unc84a_5	FALSE
